-- MySQL dump 10.13  Distrib 8.0.28, for Linux (x86_64)
--
-- Host: localhost    Database: cebdatabase
-- ------------------------------------------------------
-- Server version	8.0.28-0ubuntu0.20.04.3

/*!40101 SET @OLD_CHARACTER_SET_CLIENT=@@CHARACTER_SET_CLIENT */;
/*!40101 SET @OLD_CHARACTER_SET_RESULTS=@@CHARACTER_SET_RESULTS */;
/*!40101 SET @OLD_COLLATION_CONNECTION=@@COLLATION_CONNECTION */;
/*!50503 SET NAMES utf8mb4 */;
/*!40103 SET @OLD_TIME_ZONE=@@TIME_ZONE */;
/*!40103 SET TIME_ZONE='+00:00' */;
/*!40014 SET @OLD_UNIQUE_CHECKS=@@UNIQUE_CHECKS, UNIQUE_CHECKS=0 */;
/*!40014 SET @OLD_FOREIGN_KEY_CHECKS=@@FOREIGN_KEY_CHECKS, FOREIGN_KEY_CHECKS=0 */;
/*!40101 SET @OLD_SQL_MODE=@@SQL_MODE, SQL_MODE='NO_AUTO_VALUE_ON_ZERO' */;
/*!40111 SET @OLD_SQL_NOTES=@@SQL_NOTES, SQL_NOTES=0 */;

--
-- Temporary view structure for view `alumno_bol_califa_charge_view`
--

DROP TABLE IF EXISTS `alumno_bol_califa_charge_view`;
/*!50001 DROP VIEW IF EXISTS `alumno_bol_califa_charge_view`*/;
SET @saved_cs_client     = @@character_set_client;
/*!50503 SET character_set_client = utf8mb4 */;
/*!50001 CREATE VIEW `alumno_bol_califa_charge_view` AS SELECT 
 1 AS `numero_lista`,
 1 AS `numero_control`,
 1 AS `nombre_completo`,
 1 AS `grupo`,
 1 AS `semestre`,
 1 AS `calificacion_clave`,
 1 AS `materia`,
 1 AS `nombre_abr`,
 1 AS `periodo`,
 1 AS `orden`,
 1 AS `evaluacion`,
 1 AS `calificacion`,
 1 AS `faltas`,
 1 AS `tipo_calificacion`*/;
SET character_set_client = @saved_cs_client;

--
-- Temporary view structure for view `alumno_califa_charge_view`
--

DROP TABLE IF EXISTS `alumno_califa_charge_view`;
/*!50001 DROP VIEW IF EXISTS `alumno_califa_charge_view`*/;
SET @saved_cs_client     = @@character_set_client;
/*!50503 SET character_set_client = utf8mb4 */;
/*!50001 CREATE VIEW `alumno_califa_charge_view` AS SELECT 
 1 AS `numero_lista`,
 1 AS `numero_control`,
 1 AS `nombre_completo`,
 1 AS `grupo`,
 1 AS `semestre`,
 1 AS `calificacion_clave`,
 1 AS `materia`,
 1 AS `nombre_abr`,
 1 AS `orden`,
 1 AS `periodo`,
 1 AS `tipo_calificacion`*/;
SET character_set_client = @saved_cs_client;

--
-- Temporary view structure for view `alumno_num_califa_charge_view`
--

DROP TABLE IF EXISTS `alumno_num_califa_charge_view`;
/*!50001 DROP VIEW IF EXISTS `alumno_num_califa_charge_view`*/;
SET @saved_cs_client     = @@character_set_client;
/*!50503 SET character_set_client = utf8mb4 */;
/*!50001 CREATE VIEW `alumno_num_califa_charge_view` AS SELECT 
 1 AS `numero_lista`,
 1 AS `numero_control`,
 1 AS `nombre_completo`,
 1 AS `grupo`,
 1 AS `semestre`,
 1 AS `calificacion_clave`,
 1 AS `materia`,
 1 AS `nombre_abr`,
 1 AS `periodo`,
 1 AS `orden`,
 1 AS `evaluacion`,
 1 AS `calificacion`,
 1 AS `faltas`,
 1 AS `tipo_calificacion`*/;
SET character_set_client = @saved_cs_client;

--
-- Temporary view structure for view `alumno_sem_califa_charge_view`
--

DROP TABLE IF EXISTS `alumno_sem_califa_charge_view`;
/*!50001 DROP VIEW IF EXISTS `alumno_sem_califa_charge_view`*/;
SET @saved_cs_client     = @@character_set_client;
/*!50503 SET character_set_client = utf8mb4 */;
/*!50001 CREATE VIEW `alumno_sem_califa_charge_view` AS SELECT 
 1 AS `numero_lista`,
 1 AS `numero_control`,
 1 AS `nombre_completo`,
 1 AS `grupo`,
 1 AS `semestre`,
 1 AS `calificacion_clave`,
 1 AS `materia`,
 1 AS `nombre_abr`,
 1 AS `periodo`,
 1 AS `calificacion`,
 1 AS `orden`*/;
SET character_set_client = @saved_cs_client;

--
-- Table structure for table `alumnos`
--

DROP TABLE IF EXISTS `alumnos`;
/*!40101 SET @saved_cs_client     = @@character_set_client */;
/*!50503 SET character_set_client = utf8mb4 */;
CREATE TABLE `alumnos` (
  `numero_control` varchar(6) NOT NULL,
  `apellido_paterno` varchar(45) NOT NULL,
  `apellido_materno` varchar(45) NOT NULL,
  `nombres` varchar(45) NOT NULL,
  `semestre` int NOT NULL,
  `grupo` varchar(3) DEFAULT NULL,
  `sexo` varchar(1) NOT NULL,
  `fecha_nacimiento` date NOT NULL,
  `CURP` varchar(18) NOT NULL,
  `email` varchar(90) DEFAULT NULL,
  PRIMARY KEY (`numero_control`),
  KEY `semestre` (`semestre`),
  KEY `sexo_idx` (`sexo`),
  KEY `alumnos_ibfk_2` (`grupo`),
  CONSTRAINT `alumnos_ibfk_1` FOREIGN KEY (`semestre`) REFERENCES `semestres` (`semestre`),
  CONSTRAINT `gruposf` FOREIGN KEY (`grupo`) REFERENCES `grupos` (`grupo`),
  CONSTRAINT `vvsfvw` FOREIGN KEY (`sexo`) REFERENCES `sexos` (`sexo`)
) ENGINE=InnoDB DEFAULT CHARSET=utf8mb4 COLLATE=utf8mb4_0900_ai_ci;
/*!40101 SET character_set_client = @saved_cs_client */;

--
-- Dumping data for table `alumnos`
--

LOCK TABLES `alumnos` WRITE;
/*!40000 ALTER TABLE `alumnos` DISABLE KEYS */;
INSERT INTO `alumnos` VALUES ('166528','CARRASCO','PEREZ','ANGELA',5,'535','F','2003-07-17','CAPA030717MCHRRNA6',NULL),('170180','MORALES','MADERA','DANIELA ALEJANDRA',5,'532','F','2002-01-15','MOMD020115MCHRDNA7',NULL),('170236','PEDROZA','VALDIVIEZO','LUIS ENRIQUE',5,'532','M','2002-10-17','PEVL021017HCHDLSA8',NULL),('170259','HERNANDEZ','CASAS','ALEJANDRO',5,'532','M','2002-01-30','HECA020130HCHRSLA6',NULL),('170272','MARTINEZ','MARTINEZ','JESUS RAMON',5,'531','M','2002-08-11','MAMJ020811HCHRRS3',NULL),('170283','MUELA','GAMEROS','VICTOR ALBERTO',5,'531','M','2002-12-14','MUGV021214HCHLMCA4',NULL),('170328','MELENDEZ','GARCIA','YANETH JULISSA',5,'532','F','2002-08-23','MEGY020823MCHLRNA6',NULL),('170331','ORTIZ','HERRERA','CITLALI ADILENE',5,'532','F','2002-03-09','OIHC020309MCHRRTA8',NULL),('170417','FLORES','YAĽEZ','ANGEL JULIAN',5,'535','M','2002-09-09','FOYA020909HCHLXNA7',NULL),('170491','ROMERO','MODESTO','HECTOR',5,'532','M','2003-11-21','ROMH031121HCHMDCA6',NULL),('170566','ARMENDARIZ','VALLES','CHRISTIAN ABDIEL',5,'535','M','2002-07-06','AEVC020706HCHRLHA6',NULL),('170663','GONZALEZ','RAMIREZ','EDDY MISAEL',5,'531','M','2001-02-22','GORE010222HCHNMDA2',NULL),('170915','VALLES','OVALLE','DANIELA VIRIDIANA',5,'505','F','2002-02-01','VAOD020201MCHLVNA8',NULL),('180001','ADAME','LOPEZ','ADAHI ALEJANDRA',5,'502','F','2003-09-07','AALA030907MCHDPDA3',NULL),('180002','AGUIRRE','MEJIA','MARIA LUCERO',5,'504','F','2003-01-03','AUML030103MCHGJCA5',NULL),('180003','BENITEZ','IRIGOYEN','ITZEL ARIADNA',5,'502','F','2003-02-13','BEII030213MCHNRTA9',NULL),('180004','BUJANDA','ALVAREZ','ANDREA MIDORI',5,'502','F','2003-11-04','BUAA031104MCHJLNA7',NULL),('180006','CASAS','ENRIQUEZ','ARIADNA',5,'502','F','2003-11-09','CAEA031109MCHSNRA4',NULL),('180007','CASTILLON','ARMENDARIZ','MARIA CRISTINA',5,'502','F','2003-09-09','CAAC030909MCHSRRB0',NULL),('180008','CHACON','CARRILLO','ARELI GUADALUPE',5,'502','F','2003-04-20','CXCA030420MCHHRRA8',NULL),('180009','CHAVARRIA','ESPINOZA','DAYANA',5,'502','F','2003-02-14','CAED030214MCHHSYA0',NULL),('180010','CHAVEZ','IBARRA','ZAHIRA EDITH',5,'502','F','2003-10-27','CAIZ031027MCHHBHA0',NULL),('180011','DELGADO','ALEMAN','ALAN FARID',5,'503','M','2003-05-01','DEAA030501HCHLLLA1',NULL),('180012','DELGADO','HERNANDEZ','RODOLFO',5,'501','M','2003-11-01','DEHR031101HCHLRDA7',NULL),('180013','DOMINGUEZ','CABALLERO','WENDY JAQUELIN',5,'504','F','2003-11-28','DOCW031128MCHMBNA5',NULL),('180014','DOMINGUEZ','GONZALEZ','MARIA FERNANDA',5,'504','F','2003-07-12','DOGF030712MCHMNRA8',NULL),('180015','ESTRADA','PEREZ','YAMIL',5,'504','F','2003-03-19','EAPY030319MCHSRMA9',NULL),('180016','FIERRO','GAYTAN','LESLY MARIANA',5,'505','F','2003-04-28','FIGL030428MCHRYSA9',NULL),('180017','FONG','SAUCEDO','JOSEPH EDUARDO',5,'501','M','2002-10-11','FOSJ021011HCHNCSA7',NULL),('180018','GALINDO','TAMEZ','EVELYN KARINA',5,'505','F','2003-03-22','GATE030322MCHLMVA1',NULL),('180019','GALLARDO','LOZANO','YAIR BENJAMIN',5,'502','M','2003-06-18','GALY030618HCHLZRA9',NULL),('180020','GAYTAN','HERNANDEZ','ACSA ALEJANDRA',5,'504','F','2003-04-18','GAHA030418MCHYRCA0',NULL),('180021','GONZALEZ','MODESTO','JOSE BRAULIO',5,'504','M','2003-12-31','GOMB031231HCHNDRA5',NULL),('180022','GUTIERREZ','TORRES','ILSE AMERICA',5,'501','F','2003-09-04','GUTI030904MCHTRLA4',NULL),('180023','HERNANDEZ','PORTILLO','PAULINA ANDREA',5,'505','F','2002-09-13','HEPP020913MCHRRLA1',NULL),('180024','HERRERA','PINEDA','SABINA YARELY',5,'501','F','2003-11-18','HEPS031118MCHRNBA4',NULL),('180025','HOLGUIN','GARCIA','ANGEL ARTURO',5,'501','M','2003-01-27','HOGA030127HCHLRNA2',NULL),('180026','JOAQUIN','ACOSTA','ANGEL EFRAIN',5,'504','M','2003-07-14','JOAA030714HCHQCNA7',NULL),('180027','KENDEL','TORRES','GERARDO EMILIO',5,'503','M','2003-03-25','KETG030325HCHNRRA2',NULL),('180029','LOPEZ','OZORNIO','JESUS JAVIER',5,'503','M','2003-09-04','LOOJ030904HSRPZSA0',NULL),('180030','LUNA','VARGAS','THELMA PAULINA',5,'501','F','2003-03-30','LUVT030330MCHNRHA1',NULL),('180031','MARTINEZ','JIMENEZ','ISMAEL',5,'503','M','2003-06-14','MAJI030614HCHRMSA2',NULL),('180032','MARTINEZ','RUBIO','IRIS ANNEL',5,'504','F','2003-11-18','MARI031118MCHRBRA2',NULL),('180034','MORALES','AGUIRRE','ERICK JESUS',5,'502','M','2001-12-26','MOAE011226HCHRGRA8',NULL),('180035','MORALES','MEDRANO','CLARA ELENA',5,'505','F','2003-11-25','MOMC031125MCHRDLA3',NULL),('180036','MORALES','MENDOZA','JOSE LUIS',5,'501','M','2003-07-02','MOML030702HCHRNSA7',NULL),('180038','ORDAZ','TREJO','ANTONIO',5,'503','M','2003-11-23','OATA031123HCHRRNA8',NULL),('180040','PONCE','DOMINGUEZ','BRYAN EDUARDO',5,'501','M','2003-05-05','PODB030505HCHNMRA6',NULL),('180041','PORRAS','MALTOS','ESMERALDA',5,'502','F','2003-01-12','POME030112MCHRLSA4',NULL),('180042','RAMIREZ','BERNAL','ANGELA',5,'504','F','2003-09-18','RABA030918MCHMRNA7',NULL),('180044','RODRIGUEZ','ESTRADA','MELINA',5,'502','F','2003-08-28','ROEM030828MDFDSLA7',NULL),('180045','RODRIGUEZ','VILLAGRAN','ANDREA',5,'502','F','2003-12-06','ROVA031206MCHDLNA2',NULL),('180046','ROMERO','SERRANO','MARIO ISAI',5,'501','M','2003-05-18','ROSM030518HCHMRRA3',NULL),('180047','SALINAS','ORTIZ','DIEGO ADRIAN',5,'501','M','2003-05-17','SAOD030517HCHLRGA9',NULL),('180048','SANCHEZ','CHAVIRA','IRVING',5,'501','M','2003-12-31','SACI031231HCHNHRA5',NULL),('180049','TELLEZ','ESPARZA','CELIA',5,'502','F','2003-10-09','TEEC031009MCHLSLA0',NULL),('180050','VEGA','CHAVEZ','XIMENA',5,'503','F','2003-12-25','VECX031225MCHGHMA0',NULL),('180051','ACOSTA','GUTIERREZ','IRIS YAMILE',5,'505','F','2003-08-20','AOGI030820MCHCTRA6',NULL),('180052','ACOSTA','MARIĽELARENA','SAUL',5,'501','M','2003-09-20','AOMS030920HCHCRLA3',NULL),('180053','ACOSTA','SOTO','DIANA MARLENE',5,'505','F','2003-12-04','AOSD031204MCHCTNA6',NULL),('180054','ANCHONDO','MORALES','SOFIA',5,'505','F','2003-05-12','AOMS030512MCHNRFA2',NULL),('180055','BARRAZA','TORRES','DIANA AZUCENA',5,'504','F','2003-07-16','BATD030716MCHRRNA4',NULL),('180056','BURROLA','ZUĽIGA','CATALINA',5,'501','F','2003-04-18','BUZC030418MCHRXTA6',NULL),('180057','CAMARILLO','RAMIREZ','KARINA ARIZBETH',5,'505','F','2003-01-04','CARK030104MCHMMRA6',NULL),('180058','CARBAJAL','RIVERA','ERIK JOSUE',5,'505','M','2002-11-07','CARE021107HCHRVRA0',NULL),('180059','CERECERES','FLORES','CESAR',5,'505','M','2003-02-09','CEFC030209HCHRLSA1',NULL),('180061','CORTEZ','TERRAZAS','GERALDINE',5,'505','F','2003-11-28','COTG031128MCHRRRA7',NULL),('180062','CRUCES','CHAPARRO','GLADYS',5,'501','F','2002-03-03','CUCG020303MCHRHLA6',NULL),('180063','DE LA GARZA','DUARTE','DIEGO',5,'504','M','2003-08-03','GADD030803HCHRRGA3',NULL),('180065','ESCARCEGA','GARCIA','EVELIN SELENE',5,'502','F','2003-01-29','EAGE030129MCHSRVA6',NULL),('180066','FERNANDEZ','SALAS','GABRIEL',5,'505','M','2003-09-19','FESG030919HCHRLBA0',NULL),('180067','FERNANDEZ','SALAS','SAMUEL',5,'505','M','2003-09-19','FESS030919HCHRLMA2',NULL),('180068','FLORES','ARMENDARIZ','XIMENA',5,'503','F','2003-07-11','FOAX030711MCHLRMA5',NULL),('180069','GARZA','ALVARADO','MARIA FERNANDA',5,'502','F','2003-09-27','GAAF030927MCHRLRA6',NULL),('180071','GRANADOS','RAMIREZ','ERICK ISAI',5,'505','M','2003-03-22','GARE030322HCHRMRA0',NULL),('180072','GUILLEN','MODESTO','ALEXA',5,'501','F','2003-05-28','GUMA030528MCHLDLA5',NULL),('180073','HERNANDEZ','UREĽO','ADRIEL',5,'504','M','2003-04-22','HEUA030422HCHRRDA6',NULL),('180074','HERNANDEZ','LOPEZ','JOSE MANUEL',5,'504','M','2003-03-05','HELM030305HCHRPNA8',NULL),('180075','IBARRA','BACA','YESSICA RUBI',5,'504','F','2003-01-15','IABY030115MCHBCSA8',NULL),('180076','LOYA','OLIVAS','JAVIER MAURICIO',5,'505','M','2003-07-24','LOOJ030724HCHYLVA3',NULL),('180077','MANRIQUEZ','RANGEL','AXEL IVAN',5,'505','M','2003-05-16','MARA030516HCHNNXA7',NULL),('180079','MONTOYA','CHAVEZ','DANIELA',5,'501','F','2003-02-14','MOCD030214MCHNHNA1',NULL),('180080','OCHOA','PORTILLO','CELIA JOCELYN',5,'504','F','2003-04-30','OOPC030430MCHCRLA9',NULL),('180081','ONTIVEROS','HOLGUIN','MARIA FERNANDA',5,'504','F','2003-07-09','OIHF030709MCHNLRA5',NULL),('180082','OROZCO','LEYVA','DAYAMY YATLAHI',5,'505','F','2003-10-12','OOLD031012MCHRYYA8',NULL),('180083','PAZ','DOMINGUEZ','PRISCILA',5,'504','F','2002-01-31','PADP020131MNEZMRA5',NULL),('180084','PONCE','TORRES','FRANCISCO JAVIER',5,'503','M','2003-09-27','POTF030927HCHNRRA8',NULL),('180085','QUEZADA','SAENZ','KENNIA JASEL',5,'505','F','2003-12-29','QUSK031229MCHZNNA6',NULL),('180086','RAMOS','GARCIA','LUIS RAUL EDGARDO',5,'502','M','2003-05-06','RAGL030506HDGMRSA5',NULL),('180087','RASCON','GARCIA','ELVIA VANESSA',5,'504','F','2003-03-17','RAGE030317MCHSRLA3',NULL),('180088','RENTERIA','CAZARES','AXEL ANTONIO',5,'505','M','2003-07-10','RECA030710HCHNZXA7',NULL),('180089','RIOS','VALERIO','ANGIE FERNANDA',5,'505','F','2003-07-06','RIVA030706MCHSLNA8',NULL),('180090','RODRIGUEZ','ARREDONDO','ELIAS',5,'503','M','2003-04-19','ROAE030419HCHDRLA5',NULL),('180091','RODRIGUEZ','FRIAS','KAREN DANIELA',5,'505','F','2003-12-12','ROFK031212MCHDRRA7',NULL),('180092','RODRIGUEZ','GARCIA','HORACIO',5,'501','M','2003-12-24','ROGH031224HCHDRRA8',NULL),('180093','RODRIGUEZ','VELAZCO','RODRIGO',5,'505','M','2003-05-27','ROVR030527HCHDLDA2',NULL),('180094','SALCIDO','MARTINEZ','RAUL IVAN',5,'503','M','2003-06-10','SAMR030610HCHLRLA9',NULL),('180095','SANCHEZ','GALLEGOS','FRIDA FERNANDA',5,'501','F','2003-10-14','SAGF031014MCHNLRA5',NULL),('180096','TORRES','AGUIRRE','ERICK',5,'504','M','2003-08-12','TOAE030812HCHRGRA0',NULL),('180097','TORRES','LOPEZ','VALERIA',5,'505','F','2003-07-12','TOLV030712MCHRPLA6',NULL),('180098','VALENZUELA','BALDERAS','KEVIN ALONSO',5,'505','M','2003-08-04','VABK030804HCHLLVA8',NULL),('180099','VALENZUELA','SOLIS','MARINA',5,'505','F','2003-11-29','VASM031129MCHLLRA2',NULL),('180100','ZAMARRON','SALAS','RIGO JAVIER',5,'501','M','2003-03-27','ZASR030327HCHMLGA9',NULL),('180101','AGUILAR','HERRERA','MIGUEL ANGEL',5,'501','M','2003-10-08','AUHM031008HCHGRGA6',NULL),('180102','ALMARAZ','RODRIGUEZ','SARA VALENTINA',5,'501','F','2003-12-18','AARS031218MZSLDRA9',NULL),('180103','BERNAL','DE LA ROSA','EDUARDO',5,'503','M','2003-09-18','BERE030918HCHRSDA9',NULL),('180104','BERRELLEZA','SAENZ','JULIETA',5,'502','F','2003-02-10','BESJ030210MCHRNLA7',NULL),('180105','BUENO','GARCIA','XIMENA',5,'504','F','2003-05-20','BUGX030520MCHNRMA0',NULL),('180106','CARMONA','CEDILLO','JOSE ELIAS',5,'501','M','2003-03-12','CACE030312HCHRDLA5',NULL),('180107','CARTA','VARGAS','WILVER IYORI',5,'501','M','2003-07-29','CAVW030729HCHRRLA3',NULL),('180108','CORONADO','MENDEZ','MARIEL FERNANDA',5,'502','F','2003-01-29','COMM030129MCHRNRA8',NULL),('180109','CRUZ','GOMEZ','ELISA',5,'502','F','2003-09-06','CUGE030906MCHRMLA6',NULL),('180110','DE LA O','ARELLANES','EVELYN GERALDIN',5,'502','F','2003-07-30','OXAE030730MCHXRVA6',NULL),('180111','DURAN','PEREZ','ULISES ALBERTO',5,'502','M','2003-03-06','DUPU030306HCHRRLA5',NULL),('180112','DURAN','SANCHEZ','GILBERTO',5,'501','M','2003-08-11','DUSG030811HCHRNLA2',NULL),('180113','ESPARZA','CARTA','BRENDA LIZETH',5,'505','F','2003-07-05','EACB030705MCHSRRA7',NULL),('180115','FLORES','FLORES','DAYANA XIMENA',5,'502','F','2003-10-08','FOFD031008MCHLLYA1',NULL),('180116','GOMEZ','GALLEGOS','LUIS GUILLERMO',5,'503','M','2003-07-23','GOGL030723HCHMLSA0',NULL),('180117','GOMEZ','RAMIREZ','YERALDINE GUADALUPE',5,'502','F','2003-10-15','GORY031015MCHMMRA4',NULL),('180118','GONZALEZ','ALVARADO','JOSE CARLOS',5,'503','M','2003-03-14','GOAC030314HCHNLRA4',NULL),('180119','HERNANDEZ','ALMEIDA','ALONDRA ADAMARI',5,'504','F','2003-10-28','HEAA031028MCLRLLA0',NULL),('180120','ITUARTE','ZUBIA','JOTFIEL GONZALO',5,'503','M','2002-10-09','IUZJ021009HNETBTA4',NULL),('180122','LOPEZ','ADAME','YARIT ESMERALDA',5,'504','F','2003-01-18','LOAY030118MCHPDRA2',NULL),('180124','LUCERO','VALLES','MILDRETH YATNIRA',5,'501','F','2003-04-22','LUVM030422MCHCLLA3',NULL),('180125','MARQUEZ','CARRILLO','JAVIER ALEJANDRO',5,'502','M','2003-07-11','MACJ030711HCHRRVA2',NULL),('180126','MARTINEZ','LERMA','ARELY',5,'505','F','2003-07-09','MALA030709MCHRRRA3',NULL),('180127','MARTINEZ','PALACIOS','JORGE ALI',5,'502','M','2003-07-31','MAPJ030731HCHRLRA8',NULL),('180128','MARTINEZ','RIVERA','ADRIANA',5,'501','F','2003-07-25','MARA030725MCHRVDA6',NULL),('180129','MENCHACA','MARIĽELARENA','STEFANY',5,'505','F','2003-12-03','MEMS031203MCHNRTA0',NULL),('180130','MILLAN','LOPEZ','ADRIANA IDALY',5,'502','F','2003-05-31','MILA030531MCHLPDA9',NULL),('180131','MONTES','CORRAL','ANGEL JOAQUIN',5,'501','M','2003-05-19','MOCA030519HCHNRNA4',NULL),('180132','MORALES','DURAN','PEDRO DANIEL',5,'503','M','2003-03-08','MODP030308HCHRRDA4',NULL),('180133','MORALES','MANQUERO','LUIS ANGEL',5,'504','M','2003-08-08','MOML030808HCHRNSA2',NULL),('180137','NUĽEZ','GARCIA','VALERIA GUADALUPE',5,'501','F','2003-12-04','NUGV031204MCHXRLA7',NULL),('180138','PEDROZA','VALENZUELA','TANYA KARYNA',5,'504','F','2003-06-19','PEVT030619MCHDLNA6',NULL),('180139','PEREZ','SILVA','BREDNA NINEL',5,'501','F','2003-10-03','PESB031003MCHRLRA7',NULL),('180141','RODRIGUEZ','SEGOVIA','LUIS ANGEL',5,'501','M','2003-10-15','ROSL031015HCHDGSA8',NULL),('180143','ROSAS','CUETO','ABISH',5,'504','F','2003-08-11','ROCA030811MCHSTBA3',NULL),('180144','RUBIO','SANCHEZ','ANA GABRIELA',5,'502','F','2003-10-02','RUSA031002MCHBNNA8',NULL),('180145','SALAZAR','HURTADO','ARLETTE DARIANA',5,'504','F','2003-06-02','SAHA030602MCHLRRA0',NULL),('180146','SALCIDO','MEDRANO','GAEL ALEJANDRO',5,'501','M','2003-12-27','SAMG031227HCHLDLA8',NULL),('180147','SOLIS','HERNANDEZ','ALBERTO',5,'501','M','2001-11-05','SOHA011105HCHLRLA8',NULL),('180148','TALAMANTES','BURROLA','DENISSE MICHELLE',5,'502','F','2003-11-23','TABD031123MCHLRNA2',NULL),('180149','TISCAREĽO','LECHUGA','RACHEL YURIDIA',5,'504','F','2003-09-30','TILR030930MCHSCCA9',NULL),('180151','ALBAĽIL','BRITO','ISSAK DANIEL',5,'501','M','2003-10-09','AABI031009HCHLRSA6',NULL),('180152','ALVIDREZ','ROMERO','HEIDY VALERIA',5,'504','F','2003-01-29','AIRH030129MCHLMDA6',NULL),('180155','CABRERA','REYES','KAREN',5,'503','F','2003-08-15','CARK030815MCHBYRA3',NULL),('180157','CARDONA','ACEVEDO','PAULINA',5,'502','F','2003-12-01','CAAP031201MCHRCLA9',NULL),('180158','DE LA ROSA','MOLINAR','SONIA SARAI',5,'501','F','2003-01-14','ROMS030114MCHSLNA8',NULL),('180159','GALLEGOS','ONTIVEROS','MANUEL EDUARDO',5,'504','M','2002-02-20','GAOM020220HCHLNNA6',NULL),('180161','GAMBOA','VILLAGRAN','MIGUEL ALFREDO',5,'503','M','2003-12-09','GAVM031209HCHMLGA2',NULL),('180162','GARCIA','MARTINEZ','ELIERS RODOLFO',5,'504','M','2003-04-16','GAME030416HCHRRLA6',NULL),('180164','GOMEZ','IBARRA','MARIANA',5,'503','F','2003-12-06','GOIM031206MCHMBRA2',NULL),('180165','GUILLEN','PASILLAS','JOSELINE',5,'504','F','2003-08-15','GUPJ030815MCHLSSA2',NULL),('180166','GUTIERREZ','TORRES','MARCOS DANIEL',5,'501','M','2003-09-04','GUTM030904HCHTRRA3',NULL),('180168','HERNANDEZ','SERNA','YAZMIN',5,'502','F','2003-02-24','HESY030224MCHRRZA8',NULL),('180169','HERRERA','DIAZ','VANIA LORELY',5,'503','F','2003-01-13','HEDV030113MCHRZNA6',NULL),('180170','JAQUEZ','ZEPEDA','TANIA ISABEL',5,'501','F','2003-07-28','JAZT030728MCHQPNA4',NULL),('180174','LEGARRETA','CARRASCO','EMMANUEL',5,'504','M','2003-05-27','LECE030527HCHGRMA5',NULL),('180175','MARTINEZ','MEDINA','VALERIA',5,'504','F','2002-12-14','MAMV021214MCHRDLA9',NULL),('180176','MARTINEZ','MONTES','DULCE MARIA',5,'502','F','2003-09-21','MAMD030921MCHRNLA3',NULL),('180177','MARTINEZ','ROMAN','ANGEL',5,'504','M','2003-12-31','MARA031231HCHRMNA5',NULL),('180178','MEDINA','MARQUEZ','MICHEL PAOLA',5,'503','F','2003-06-04','MEMM030604MCHDRCA8',NULL),('180179','MELENDEZ','PEREZ','YAHIR SALVADOR',5,'504','M','2003-07-07','MEPY030707HCHLRHA6',NULL),('180180','MONCAYO','GOMEZ','YARETH',5,'503','F','2003-04-27','MOGY030427MCHNMRA3',NULL),('180181','MONSISVAIS','GARCIA','HAILIE ANAHI',5,'502','F','2003-04-16','MOGH030416MCHNRLA9',NULL),('180183','MORENO','GUTIERREZ','DIEGO OSWALDO',5,'503','M','2002-03-15','MOGD020315HCHRTGA4',NULL),('180184','NATIVIDAD','ARRIETA','DANTE',5,'502','M','2003-12-24','NAAD031224HCHTRNA9',NULL),('180185','OCHOA','DELGADO','DIANA YARISMA',5,'504','F','2003-05-22','OODD030522MCHCLNA5',NULL),('180187','ORTIZ','VALDEZ','IRVING GERARDO',5,'503','M','2003-04-02','OIVI030402HCHRLRA1',NULL),('180188','ORTIZ','VARGAS','KIMBERLY',5,'503','F','2003-09-25','OIVK030925MCHRRMA9',NULL),('180189','RENTERIA','VILLALOBOS','ALAN ANTONIO',5,'502','M','2003-09-24','REVA030924HCHNLLA8',NULL),('180191','RODRIGUEZ','MARTINEZ','LUIS ANGEL',5,'504','M','2003-11-05','ROML031105HCHDRSA1',NULL),('180192','SALCIDO','MENDEZ','DAYREN JAQUELIN',5,'502','F','2003-10-14','SAMD031014MCHLNYA0',NULL),('180193','SANCHEZ','ALVARADO','RICARDO EDUARDO',5,'501','M','2003-09-15','SAAR030915HCHNLCA8',NULL),('180194','SERVIN','CASTILLO','ANA KAREN',5,'502','F','2003-10-02','SECA031002MCHRSNA2',NULL),('180195','SOTO','VILLAGRAN','KEVIN ALEJANDRO',5,'505','M','2001-12-04','SOVK011204HCHTLVA6',NULL),('180196','TORRES','ALVIDREZ','EMMANUEL ALEJANDRO',5,'505','M','2003-02-28','TOAE030228HNERLMA1',NULL),('180197','VALLES','OVALLE','JORGE GABRIEL',5,'503','M','2003-07-21','VAOJ030721HCHLVRA5',NULL),('180198','VALVERDE','','ARELY MELISSA',5,'504','F','2003-10-23','VAXA031023MNELXRA6',NULL),('180199','VEGA','CASTRO','YESSICA JAZMIN',5,'501','F','2003-08-07','VECY030807MCHGSSA4',NULL),('180201','ALCANTAR','GARCIA','IBETH ADELINE',5,'503','F','2003-08-05','AAGI030805MCHLRBA0',NULL),('180202','ALVARADO','GAMBOA','ANGEL DAVID',5,'503','M','2003-06-03','AAGA030603HCHLMNA8',NULL),('180203','AVILA','BARRAZA','JOCELYN',5,'504','F','2003-10-02','AIBJ031002MCHVRCA4',NULL),('180204','AYABAR','CANO','KEVIN SAUL',5,'501','M','2003-06-30','AACK030630HCHYNVA8',NULL),('180205','BAEZA','BARRAZA','MELANIE',5,'505','F','2003-12-02','BABM031202MCHZRLA8',NULL),('180206','BEJARANO','DURAN','OSCAR',5,'502','M','2003-11-18','BEDO031118HCHJRSA1',NULL),('180207','CABALLERO','CHACON','SEBASTIAN',5,'501','M','2003-02-03','CACS030203HNEBHB',NULL),('180208','CARDONA','DOMINGUEZ','DIANA ARIZBETH',5,'504','F','2003-01-13','CADD030113MCHRMNA5',NULL),('180209','CARRASCO','ALMANZA','OMAR',5,'501','M','2003-06-17','CAAO030617HCHRLMA9',NULL),('180210','CASTILLO','LEYVA','DIEGO ALBERTO',5,'503','M','2003-08-24','CALD030824HCHSYGA5',NULL),('180211','CHAVIRA','RANGEL','DIEGO ALBERTO',5,'505','M','2003-12-26','CARD031226HCHHNGA7',NULL),('180212','DE LA O','LOPEZ','URIEL',5,'503','M','2003-03-11','OXLU030311HCHXPRA0',NULL),('180213','ESCOBAR','HERNANDEZ','MARIO ALBERTO',5,'505','M','2002-06-06','EOHM020606HCHSRRA2',NULL),('180214','ESPINO','ALVARADO','DAMARIS',5,'504','F','2003-12-12','EIAD031212MCHSLMA9',NULL),('180215','ESQUIVEL','HERNANDEZ','EVER EDUARDO',5,'504','M','2003-10-19','EUHE031019HCHSRVA2',NULL),('180217','GALVAN','ROMERO','DARANY',5,'505','F','2003-08-16','GARD030816MCHLMRA9',NULL),('180218','JIMENEZ','HERNANDEZ','MELISSA',5,'505','F','2003-02-10','JIHM030210MCHMRLA2',NULL),('180219','GARCIA','RENTERIA','AZUCENA IDALI',5,'503','F','2003-08-08','GARA030808MCHRNZA3',NULL),('180220','GARCIA','','YAHILIN',5,'502','F','2003-01-02','GAXY030102MNERXHA7',NULL),('180221','GARDEA','AGUIRRE','LUZ ANGELICA',5,'502','F','2003-02-16','GAAL030216MCHRGZA8',NULL),('180222','GOMEZ','MENDOZA','JULIETTE',5,'503','F','2003-04-07','GOMJ030407MNEMNLA8',NULL),('180223','GONZALEZ','JAQUEZ','ELIAN EDUARDO',5,'503','M','2003-10-05','GOJE031005HCHNQLA9',NULL),('180224','HERNANDEZ','PARGAS','ABRIL',5,'503','F','2003-02-18','HEPA030218MCHRRBA0',NULL),('180225','HERNANDEZ','HERRERA','FRIDA ALEXIA',5,'502','F','2003-01-08','HEHF030108MCHRRRA9',NULL),('180226','JAUREGUI','TRILLO','AYELEN',5,'505','F','2003-06-12','JATA030612MCHRRYA6',NULL),('180227','LARA','MARTINEZ','MARGARITA LIZETH',5,'501','F','2003-04-26','LAMM030426MCHRRRA5',NULL),('180228','MARTINEZ','OLIVAS','ARLETTE ITZALLANA',5,'501','F','2003-05-27','MAOA030527MCHRLRA7',NULL),('180229','MATA','RAMOS','FLOR ITZELTH',5,'505','F','2003-03-08','MARF030308MCHTMLA4',NULL),('180230','MAYNEZ','PIMENTEL','MELISSA',5,'505','F','2003-11-12','MAPM031112MCHYMLA0',NULL),('180231','MELENDEZ','SOTO','LARISSA VANESSA',5,'503','F','2003-11-25','MESL031125MCHLTRA9',NULL),('180233','MORALES','GALVAN','VALERIA',5,'504','F','2003-01-25','MOGV030125MCHRLLA9',NULL),('180235','OCHOA','RAMOS','JONATAN ALAN',5,'503','M','2003-04-08','OORJ030408HCHCMNA8',NULL),('180236','ORTA','FLORES','KARINA YAZMIN',5,'504','F','2003-11-27','OAFK031127MCHRLRA5',NULL),('180237','PEREZ','RAMOS','NOHEMI',5,'504','F','2003-02-28','PERN030228MCHRMHA7',NULL),('180238','PEREZ','SANCHEZ','ESMERALDA JARED',5,'503','F','2003-06-04','PESE030604MCHRNSA8',NULL),('180239','PIZARRO','MONTOYA','JESUS GUILLERMO',5,'503','M','2002-04-01','PIMJ020401HCHZNSA9',NULL),('180242','RAMIREZ','LARRIVA','MARYEN ANAHI',5,'501','F','2003-01-25','RALM030125MCHMRRA7',NULL),('180243','RAMIREZ','TERRAZAS','ABRIL ESPERANZA',5,'505','F','2003-03-29','RXTA030329MCHMRBA8',NULL),('180244','RENTERIA','BARRIO','ITZEL ALEJANDRA',5,'503','F','2003-06-19','REBI030619MCHNRTA7',NULL),('180245','RODRIGUEZ','MORALES','YOCELINE',5,'501','F','2003-08-14','ROMY030814MCHDRCA6',NULL),('180246','RODRIGUEZ','SILERIO','RAZIEL VALERIA',5,'505','F','2003-03-17','ROSR030317MCHDLZA3',NULL),('180247','SANTAMARIA','COBARRUBIAS','NANCY YOSELIN',5,'505','F','2002-10-03','SACN021003MCHNBNA6',NULL),('180248','SIGALA','VARELA','MARIA ANGELICA',5,'503','F','2003-09-29','SIVA030929MCHGRNA8',NULL),('180249','SUAREZ','CASTRELLON','STEVEN',5,'502','M','2003-10-24','SUCS031024HCHRSTA9',NULL),('180250','VILLA','CARDONA','LAURA PAOLA',5,'503','F','2003-08-05','VICL030805MCHLRRA6',NULL),('180254','BENSOJO','MENDEZ','LUIS ALEXIS',5,'535','M','2002-04-19','BEML020419HCHNNSA0',NULL),('180255','BERNAL','HERNANDEZ','VIRGINIA ALONDRA',5,'533','F','2003-12-27','BEHV031227MCHRRRA8',NULL),('180257','CAMACHO','ORTIZ','LESLIE PAOLA',5,'535','F','2003-11-12','CAOL031112MNEMRSA9',NULL),('180259','CORDERO','CASTRO','ALONDRA',5,'533','F','2003-01-15','COCA030115MCHRSLA1',NULL),('180260','CORDERO','YEPEZ','JESE ALAN',5,'533','M','2003-11-02','COYJ031102HCHRPSA1',NULL),('180261','FEREZ','SOTELO','ERIC',5,'534','M','2003-06-29','FESE030629HNERTRA7',NULL),('180262','GAMON','LOPEZ','XIMENA PAOLA',5,'534','F','2003-01-16','GALX030116MCHMPMA0',NULL),('180263','GARCIA','CASTILLO','LAYDA ESMERALDA',5,'535','F','2003-06-11','GACL030611MCHRSYA8',NULL),('180265','GARCIA','PEREZ','GERARDO YAEL',5,'503','M','2003-10-10','GAPG031010HCHRRRA7',NULL),('180267','GONZALEZ','','EMMANUEL',5,'533','M','2003-02-24','GOXE030224HNENXMA8',NULL),('180268','GUERRERO','VARGAS','HILDA SUZETH',5,'534','F','2003-08-01','GUVH030801MCHRRLA5',NULL),('180269','GURROLA','LOYA','VALERIA',5,'502','F','2003-05-04','GULV030504MCHRYLA4',NULL),('180271','HERNANDEZ','JARAMILLO','CARLOS ANDRES',5,'533','M','2003-02-21','HEJC030221HCHRRRA4',NULL),('180272','HERNANDEZ','PEDROZA','LIZETH MARIELA',5,'533','F','2003-09-16','HEPL030916MCHRDZA1',NULL),('180273','JUAREZ','MERAZ','ARIANA KARINA',5,'532','F','2003-11-04','JUMA031104MCHRRRA3',NULL),('180274','LOYA','GALLEGOS','GALILEA',5,'531','F','2003-09-18','LOGG030918MCHYLLA7',NULL),('180276','MARQUEZ','ALVAREZ','DAYANA PAULINA',5,'533','F','2003-12-14','MAAD031214MCHRLYA9',NULL),('180277','MARTINEZ','MARQUEZ','OMAR ALONSO',5,'531','M','2003-12-04','MXMO031204HCHRRMA0',NULL),('180278','MONTES','LOPEZ','AIDE ESTEFANIA',5,'505','F','2003-04-13','MOLA030413MCHNPDA3',NULL),('180279','MOYA','PAYAN','MARIA FERNANDA',5,'532','F','2003-08-01','MOPF030801MCHYYRA1',NULL),('180281','ORTIZ','NAVA','CRISTIAN ARMANDO',5,'535','M','2003-11-15','OINC031115HCHRVRA5',NULL),('180282','PALMA','GUERRERO','CARLA LARISSA',5,'505','F','2003-10-10','PAGC031010MCHLRRA2',NULL),('180284','PIZARRO','BERNAL','ANDREA',5,'534','F','2003-04-13','PIBA030413MCHZRNA7',NULL),('180285','RAMIREZ','CARDENAS','IRVIN ADRIAN',5,'535','M','2003-06-08','RACI030608HCHMRRA9',NULL),('180286','REYES','ARMENDARIZ','DIANA KAREN',5,'535','F','2003-12-19','READ031219MCHYRNA1',NULL),('180287','RICO','VIZCARRA','ANDRE DAVID',5,'535','M','2003-04-24','RIVA030424HCHCSNA4',NULL),('180288','RODRIGUEZ','ESPINO','MARIA FERNANDA',5,'532','F','2003-12-01','ROEF031201MCHDSRA6',NULL),('180289','RODRIGUEZ','PONCE','MICHELLE JACQUELINE',5,'535','F','2003-07-18','ROPM030718MCHDNCA2',NULL),('180290','RUIZ','MAYNEZ','JAIME ARTURO',5,'533','M','2003-04-01','RUMJ030401HCHZYMA2',NULL),('180291','SAENZ','CASTRO','DEYANIRA',5,'533','F','2003-10-20','SACD031020MCHNSYA2',NULL),('180292','SALDAĽA','GUZMAN','MARIO',5,'531','M','2003-12-24','SAGM031224HCHLZRA8',NULL),('180293','SANCHEZ','CARRASCO','ARMANDO',5,'535','M','2003-06-20','SACA030620HCHNRRA9',NULL),('180294','SANCHEZ','TORRES','IRVIN ROBERTO',5,'534','M','2003-12-27','SATI031227HCHNRRA9',NULL),('180295','SANTILLAN','ARAIZA','JARED BERNARDO',5,'531','M','2003-09-09','SAAJ030909HCHNRRA1',NULL),('180297','VASQUEZ','RIOS','ESTEBAN',5,'533','M','2003-12-10','VARE031210HCHSSSA3',NULL),('180298','VAZQUEZ','FLORES','JATZIRA JAQUELINE',5,'504','F','2003-05-30','VAFJ030530MCHZLTA9',NULL),('180299','VILLA','GALLARZO','BALTAZAR',5,'531','M','2003-09-28','VIGB030928HCHLLLA3',NULL),('180300','VILLA','VEGA','RAMON ISAAC',5,'535','M','2003-09-29','VIVR030929HCHLGMA0',NULL),('180301','AGUILAR','LUGO','VICTORIA',5,'533','F','2003-02-21','AULV030221MCHGGCA5',NULL),('180302','AVILA','CABALLERO','PAMELA YATZIL',5,'502','F','2003-08-12','AICP030812MCHVBMA5',NULL),('180303','AYALA','BUNSOW','ANA CRISTINA',5,'534','F','2003-11-23','AABA031123MCHYNNA7',NULL),('180304','BACA','MENDOZA','ADRIANA',5,'504','F','2003-10-04','BAMA031004MCHCNDA0',NULL),('180305','BARBA','TORRES','SHERLYN CELINA',5,'535','F','2003-12-02','BATS031202MCHRRHA1',NULL),('180306','CANO','MARTINEZ','YAMIR',5,'531','M','2003-01-04','CAMY030104HCHNRMA6',NULL),('180307','CARMONA','PANDO','DIEGO',5,'532','M','2003-04-29','CAPD030429HCHRNGA7',NULL),('180308','CASTILLO','SALAS','ALDO ALEJANDRO',5,'502','M','2003-07-02','CASA030702HCHSLLA2',NULL),('180309','CELIS','FONG','DIEGO',5,'534','M','2003-12-16','CEFD031216HCSLNGA5',NULL),('180313','RODRIGUEZ','PEREZ','KAREN ALEXANDRA',5,'534','F','2003-06-20','ROPK030620MCHDRRA7',NULL),('180314','CUEVAS','HERNANDEZ','URIEL ABEL',5,'533','M','2002-08-16','CUHU020816HCHVRRA4',NULL),('180315','DE LA TORRE','CAMPOS','ABRIL BELEM',5,'534','F','2002-07-13','TOCA020713MCHRMBA0',NULL),('180317','DOMINGUEZ','OCHOA','DIANA GUADALUPE',5,'533','F','2003-05-21','DOOD030521MCHMCNA4',NULL),('180319','GALLEGOS','HERNANDEZ','REBECA ALEJANDRA',5,'533','F','2003-11-07','GAHR031107MCHLRBA3',NULL),('180324','GUTIERREZ','CAMPOS','CRISTAL AMERICA',5,'532','F','2003-05-26','GUCC030526MCHTMRA1',NULL),('180325','ITUARTE','CAZARES','MELANIE',5,'503','F','2003-12-22','IUCM031222MNETZLA8',NULL),('180326','JARA','RODRIGUEZ','ADRIAN',5,'534','M','2003-10-20','JARA031020HCHRDDA6',NULL),('180327','JARA','RODRIGUEZ','IVAN',5,'534','M','2003-10-20','JARI031020HCHRDVA9',NULL),('180328','LEOS','OLIVAS','PABLO IVAN',5,'534','M','2003-02-20','LEOP030220HCHSLBA9',NULL),('180329','LUGO','RODRIGUEZ','EDITH BERENICE',5,'531','F','2003-06-07','LURE030607MCHGDDA6',NULL),('180330','MARQUEZ','OLIVAS','LORETH GUADALUPE',5,'503','F','2003-02-12','MAOL030212MCHRLRA0',NULL),('180334','MORENO','CORTES','MARIO ALEJANDRO',5,'504','M','2003-04-11','MOCM030411HCHRRRA7',NULL),('180335','MUĽOZ','ORONA','JENNIFER ALEJANDRA',5,'533','F','2003-06-15','MUOJ030615MCHXRNA9',NULL),('180337','PARGAS','AGUILAR','LESLIE MARLENE',5,'535','F','2003-09-16','PAAL030916MCHRGSA2',NULL),('180339','PORRAS','GANDARILLA','LUIS CARLOS',5,'503','M','2003-10-01','POGL031001HCHRNSA5',NULL),('180345','SANCHEZ','RENTERIA','LUIS ALONSO',5,'534','M','2002-12-09','SARL021209HCHNNSA8',NULL),('180346','SARMIENTO','POSADA','IVAN FERNANDO',5,'532','M','2003-05-14','SAPI030514HCHRSVA8',NULL),('180347','SOSA','ALCANTAR','ANGEL ISSAC',5,'534','M','2002-12-17','SOAA021217HCHSLNA0',NULL),('180348','TORRES','VALLES','VALENTINA',5,'503','F','2003-08-20','TOVV030820MCHRLLA7',NULL),('180349','VAZQUEZ','CHAVEZ','AYLIN STEFANY',5,'534','F','2003-12-21','VXCA031221MCHZHYA7',NULL),('180350','ZAMORANO','BELTRAN DEL RIO','NATALIA',5,'531','F','2003-12-02','ZABN031202MCHMLTA4',NULL),('180351','AHMED','AGUILAR','KRISHNA SAHIAN',5,'533','F','2003-07-08','AEAK030807MCHHGRA7',NULL),('180352','ALMANZA','PEINADO','CITLALY JUDITH',5,'503','F','2003-08-02','AAPC030802MCHLNTA0',NULL),('180353','ALONSO','TERRAZAS','ANA LIZBETH',5,'533','F','2003-01-31','AOTA030131MCHLRNA8',NULL),('180354','ARAIZA','ARTEAGA','FEDERICO',5,'534','M','2003-09-21','AAAF030921HCHRRDA5',NULL),('180355','AYALA','BUNSOW','ANA CECILIA',5,'534','F','2003-11-23','AABA031123MCHYNNB5',NULL),('180357','BACA','LOPEZ','SERGIO',5,'535','M','2003-10-10','BALS031010HCHCPRA0',NULL),('180360','BRETADO','DURAN','MARIO ALEJANDRO',5,'505','M','2003-12-09','BEDM031209HCHRRRA4',NULL),('180361','BRITO','SAENZ','IVAN',5,'501','M','2003-07-17','BISI030717HNERNVA4',NULL),('180362','CARDENAS','BALLESTEROS','WENDY SUGEY',5,'533','F','2003-09-19','CABW030919MCHRLNA9',NULL),('180363','CASTRO','TORRES','JIMENA ANGELICA',5,'532','F','2003-06-14','CATJ030614MCHSRMA3',NULL),('180364','CHICO','PAYAN','DIANA',5,'534','F','2003-10-20','CIPD031020MCHHYNA0',NULL),('180365','DE LA ROSA','REDE','ERICK ENRIQUE',5,'535','M','2003-07-24','RORE030724HCHSDRA8',NULL),('180366','DE SANTIAGO','MOTA','SAUL ALEJANDRO',5,'532','M','2003-07-17','SAMS030717HCHNTLA2',NULL),('180368','GANDARA','GACHUPIN','TAILIN AMERICA',5,'532','F','2003-04-29','GAGT030429MCHNCLA4',NULL),('180369','GARCIA','CASIANO','LESLY YANETH',5,'533','F','2002-09-25','GACL020925MCHRSSA0',NULL),('180370','GERMAN','ADAME','ALONDRA SOFIA',5,'534','F','2003-06-07','GEAA030607MCHRDLA9',NULL),('180371','HERNANDEZ','ALMAZAN','LUIS FERNANDO',5,'535','M','2003-11-06','HEAL031106HCHRLSA2',NULL),('180372','HOLGUIN','FIERRO','BRAYAN ULISES',5,'532','M','2003-06-25','HOFB030625HCHLRRA1',NULL),('180373','JAIME','ESTRADA','JESUS IVAN',5,'534','M','2003-11-01','JAEJ031101HCHMSSA3',NULL),('180374','MARTINEZ','ENRIQUEZ','JORGE JAHIR',5,'534','M','2003-06-01','MAEJ030601HCHRNRA3',NULL),('180376','MENDEZ','ARMENDARIZ','JUAN IVAN',5,'532','M','2003-01-12','MEAJ030112HCHNRNA5',NULL),('180377','NAVA','HERNANDEZ','ERIK ADRIAN',5,'531','M','2003-01-27','NAHE030127HCHVRRA3',NULL),('180378','ONTIVEROS','GOMEZ','ARI ALEJANDRO',5,'534','M','2003-07-04','OIGA030704HCHNMRA7',NULL),('180379','PEDROZA','SALAS','CLARISSA ITZEL',5,'534','F','2003-05-26','PESC030526MCHDLLA8',NULL),('180380','PEREZ','GONZALEZ','MARTHA PATRICIA',5,'533','F','2003-10-09','PEGM031009MCHRNRA8',NULL),('180381','PIĽON','SIMENTAL','EDGAR RICARDO',5,'535','M','2002-09-07','PISE020907HCHXMDA5',NULL),('180383','QUIĽONES','HERNANDEZ','ANA LUISA',5,'534','F','2003-04-01','QUHA030401MCHXRNA0',NULL),('180384','QUIĽONEZ','DELGADO','CRYSTAL ROSARIO',5,'533','F','2003-08-17','QUDC030817MCHXLRA9',NULL),('180386','RIVA PALACIO','LICON','JOAQUIN',5,'532','M','2003-09-22','RILJ030922HCHVCQA2',NULL),('180387','RODRIGUEZ','CANO','OSIEL',5,'532','M','2003-06-12','ROCO030612HCHDNSA5',NULL),('180389','RODRIGUEZ','SANTILLAN','SUSANA JAQUELINE',5,'531','F','2003-09-26','ROSS030926MCHDNSA4',NULL),('180390','ROMERO','RUIZ','URIEL',5,'532','M','2003-08-28','RORU030828HCHMZRA9',NULL),('180391','SAENZ','REYES','VANESSA',5,'533','F','2003-05-21','SARV030521MCHNYNA1',NULL),('180393','SANCHEZ','GARCIA','GAEL MARTIN',5,'531','M','2003-03-18','SAGG030318HCHNRLA6',NULL),('180394','SANCHEZ','JAUREGUI','MARLEN',5,'533','F','2003-09-16','SAJM030916MNENRRA0',NULL),('180395','SANCHEZ','ROBLEDO','CAROLINA',5,'533','F','2003-02-17','SARC030217MCHNBRA1',NULL),('180396','SIFUENTES','SAENZ','RICARDO IVAN',5,'533','M','2003-10-07','SISR031007HCHFNCA9',NULL),('180397','TORRES','VAZQUEZ','MARCELA ARELY',5,'533','F','2003-07-12','TOVM030712MCHRZRA9',NULL),('180398','TREJO','OSORIO','DULCE PAOLA',5,'533','F','2003-02-21','TEOD030221MCHRSLA6',NULL),('180399','VAZQUEZ','RODRIGUEZ','NADIA ITZEL',5,'502','F','2003-07-09','VARN030709MCHZDDA1',NULL),('180402','ALVIDREZ','MADRIGAL','DARINKA ITZEL',5,'505','F','2003-02-18','AIMD030218MCHLDRA1',NULL),('180403','ARMENDARIZ','LOPEZ','NATALIA NOHEMI',5,'502','F','2003-10-16','AELN031016MCHRPTA0',NULL),('180404','CARRIZALES','MELENDEZ','PAULINA ALEJANDRA',5,'533','F','2003-11-17','CAMP031117MCHRLLA8',NULL),('180406','CHICO','PAYAN','CAROLINA',5,'534','F','2003-10-20','CIPC031020MCHHYRA0',NULL),('180408','DIAZ','VILLA','JOSUE AARON',5,'535','M','2003-09-22','DIVJ030922HCHZLSA4',NULL),('180409','DURAN','NEVAREZ','ZAYRA ALEJANDRA',5,'533','F','2003-03-12','DUNZ030312MCHRVYA6',NULL),('180410','DURON','HERNANDEZ','ALEJANDRO',5,'532','M','2003-09-27','DUHA030927HCHRRLA9',NULL),('180411','ESPARZA','ALVARADO','DANIELA ALEJANDRA',5,'533','F','2003-11-05','EAAD031105MCHSLNA6',NULL),('180412','ESQUIVEL','MIRELES','DANAE',5,'533','F','2003-03-21','EUMD030321MCHSRNA5',NULL),('180413','ESQUIVEL','URIAS','MICHELLE IDALY',5,'535','F','2003-11-02','EUUM031102MCHSRCA0',NULL),('180414','FERNANDEZ','OVALLE','MARIANA FERNANDA',5,'535','F','2003-03-01','FEOM030301MCHRVRA7',NULL),('180415','GALAZ','ALVARADO','LUISA FERNANDA',5,'534','F','2003-03-18','GAAL030318MCHLLSA5',NULL),('180416','GAMBOA','DE ANDA','JULIAN',5,'534','M','2003-07-21','GAAJ030721HCHMNLA5',NULL),('180418','GRANDE','ZUĽIGA','DIEGO LEONEL',5,'533','M','2003-12-09','GAZD031209HNTRXGA6',NULL),('180419','HERNANDEZ','LOPEZ','ALAN JOSUE',5,'532','M','2003-10-26','HELA031026HCHRPLA6',NULL),('180421','LOPEZ','AYALA','DANIEL ALEJANDRO',5,'534','M','2003-02-14','LOAD030214HCHPYNA4',NULL),('180422','LOPEZ','CAMPOS','PAULINA IDALY',5,'532','F','2003-11-28','LOCP031128MCHPMLA8',NULL),('180425','LOZANO','VAZQUEZ','YAHIR ALBERTO',5,'531','M','2003-04-07','LOVY030407HCHZZHA7',NULL),('180427','MARTINEZ','OLIVAS','JOSE ALFREDO',3,'332','M','2003-10-09','MAOA031009HCHRLLA3',NULL),('180428','MELENDEZ','CRUZ','KARINA AMAIRANY',5,'534','F','2003-11-10','MECK031110MCHLRRA9',NULL),('180429','MORALES','ALVAREZ','LUISA FERNANDA',5,'535','F','2003-03-02','MOAL030302MCHRLSA1',NULL),('180430','MORALES','ESTRADA','STEFANIA',5,'533','F','2003-06-02','MOES030602MCHRSTA0',NULL),('180431','MORENO','GUILLEN','RAYXA MADELEIN',5,'503','F','2003-05-20','MOGR030520MCHRLYA8',NULL),('180432','NAJERA','PEREZ','DIANA ANGELICA',5,'504','F','2003-07-03','NAPD030703MCHJRNA4',NULL),('180434','ORTA','ARREOLA','ERICK FERNANDO',5,'532','M','2003-01-06','OAAE030106HCHRRRA8',NULL),('180435','ORTIZ','BOLIVAR','SAUL ALEJANDRO',5,'535','M','2001-03-29','OIBS010329HCHRLLA7',NULL),('180436','QUIĽONES','MORENO','ESMERALDA ADRIANA',5,'532','F','2003-10-05','QUME031005MCHXRSA8',NULL),('180437','RAMIREZ','MARTINEZ','JOSUE',5,'535','M','2003-07-29','RAMJ030729HCHMRSA1',NULL),('180438','RENTERIA','PIĽA','SERGIO ALEJANDRO',5,'501','M','2003-08-17','REPS030817HCHNXRA0',NULL),('180439','REYES','BOLIVAR','RENATA',5,'534','F','2003-11-18','REBR031118MCHYLNA8',NULL),('180440','RIVERA','RUIZ','JUAN ANTONIO',5,'531','M','2003-02-09','RIRJ030209HCHVZNA0',NULL),('180441','RODRIGUEZ','AYALA','ALEJANDRA',5,'533','F','2003-06-25','ROAA030625MCHDYLA1',NULL),('180442','HERRERA','LUNA','MARIA GERALDYNE',5,'533','F','2003-02-25','HELG030225MCHRNRA6',NULL),('180443','ROJAS','PEĽA','ADAMARY',5,'532','F','2003-02-24','ROPA030224MNEJNDA1',NULL),('180444','SALINAS','CONTRERAS','MARIA PRISCILA',5,'532','F','2003-12-21','SACP031221MCHLNRA1',NULL),('180445','SILVA','NAJERA','GUSTAVO ALONSO',5,'534','M','2003-08-26','SING030826HCHLJSA3',NULL),('180446','TORRES','JAQUEZ','TANIA',5,'533','F','2003-04-24','TOJT030424MCHRQNA3',NULL),('180448','VALERIO','FIERRO','MOISES',5,'533','M','2003-07-14','VAFM030714HJCLRSA7',NULL),('180450','VILLA','GARCIA','BRYAN OMAR',5,'535','M','2003-02-07','VIGB030207HCHLRRA0',NULL),('180454','BEDOY','QUIĽONES','KEVIN HABIB',5,'503','M','2003-11-05','BEQK031105HCHDXVA6',NULL),('180455','BENITES','CORTEZ','PAMELA IRERI',5,'533','F','2003-06-06','BECP030606MCHNRMA8',NULL),('180456','BRITO','JAQUEZ','SAUL ENRIQUE',5,'531','M','2003-08-21','BIJS030821HCHRQLA8',NULL),('180457','BUENO','LOPEZ','DIANELY',5,'534','F','2003-05-02','BULD030502MCHNPNA2',NULL),('180458','CALDERON','LEYVA','CAMILA',5,'532','F','2003-12-22','CALC031222MCHLYMA4',NULL),('180459','CARREON','CHAIREZ','YAHIR ISSAC',5,'532','M','2003-03-25','CACY030325HCHRHHA9',NULL),('180460','CHAPARRO','PATIĽO','CRISTIAN ANTONIO',5,'531','M','2002-12-04','CAPC021204HCHHTRA1',NULL),('180461','CONTRERAS','LERMA','PAULINA GISEL',5,'532','F','2002-12-26','COLP021226MCHNRLA7',NULL),('180462','CONTRERAS','LEYVA','FRIDA VANESSA',5,'534','F','2001-01-08','COLF010108MCHNYRA1',NULL),('180463','CRUZ','MOTA','AYLEEN DANIELA',5,'533','F','2003-05-11','CUMA030511MCHRTYA5',NULL),('180467','HERNANDEZ','RAMOS','AARON ESTEBAN',5,'534','M','2003-12-26','HERA031226HCHRMRA7',NULL),('180468','HERRERA','ALDAZ','AMY KARELY',5,'504','F','2003-03-16','HEAA030316MCHRLMA8',NULL),('180469','JUAREZ','MARTINEZ','ANA CRISTINA',5,'534','F','2003-09-08','JUMA030908MCHRRNA6',NULL),('180471','LOPEZ','CORREA','NOELY ESTHER',5,'534','F','2003-02-04','LOCN030204MCHPRLA6',NULL),('180472','LOPEZ','OGAZ','JENNIFER',5,'505','F','2003-01-05','LOOJ030105MCHPGNA2',NULL),('180473','LOPEZ','SALMORAN','DIANA ITZEL ALEJANDRA',5,'531','F','2003-02-15','LOSD030215MOCPLNA6',NULL),('180474','LUNA','CALDERON','ESTEFENIA',5,'535','F','2003-09-01','LUCE030901MCHNLSA8',NULL),('180475','MARIN','GARCIA','ANDI YAIR',5,'531','M','2003-01-18','MAGA030118HMNRRA7',NULL),('180476','MARTINEZ','PINALES','YAZMIN ALEJANDRA',5,'534','F','2003-03-07','MAPY030307MCHRNZA6',NULL),('180478','MEDRANO','PRIETO','JULIAN GERARDO',5,'531','M','2003-10-03','MEPJ031003HCHDRLA5',NULL),('180481','MONTES','ESCAJEDA','EDGAR ESTEBAN',5,'533','M','2003-11-08','MOEE031108HCHNSDA9',NULL),('180482','MORENO','ZAPATA','SERGIO ADRIAN',5,'531','M','2003-08-10','MOZS030810HCHRPRA1',NULL),('180483','OLIVAS','PEREZ','ANA MARIA GUADALUPE',5,'532','F','2003-02-18','OIPA030218MCHLRNA7',NULL),('180484','PAYAN','ESPINOZA','DANNA PAOLA',5,'531','F','2003-06-04','PAED030604MCHYSNA0',NULL),('180485','PAYAN','OROZCO','GABRIEL OMAR',5,'501','M','2003-04-26','PAOG030426HCHYRBA3',NULL),('180486','PEREZ','MATA','ALEXA DAYANA',5,'533','F','2003-12-07','PEMA031207MCHRTLA1',NULL),('180488','RAMIREZ','SALAICES','LARIZA SABRINA',5,'533','F','2003-12-21','RASL031221MCHMLRA5',NULL),('180491','RIVERA','VILLA','OMAR EDEL',5,'531','M','2003-02-27','RIVO030227HCHVLMA7',NULL),('180493','RODRIGUEZ','TAGLE','JOSELINE JOHANA',5,'531','F','2003-09-15','A5ROTJ030915MCHDGS',NULL),('180494','SAAVEDRA','PORTILLO','REYES JESUS',5,'533','M','2003-01-30','SAPR030130HCHVRYA3',NULL),('180495','SANTANA','RUIZ','MIRIAM PAOLA',5,'532','F','2003-08-17','SARM030817MCHNZRA5',NULL),('180496','SILVA','HERNANDEZ','DANIELA',5,'534','F','2003-04-10','SIHD030410MCHLRNA4',NULL),('180497','TORRES','HERNANDEZ','FATIMA NICOLE',5,'533','F','2003-07-11','TOHF030711MCHRRTA9',NULL),('180498','VALLES','PALMA','EVA SARAHI',5,'532','F','2003-08-27','VAPE030827MCHLLVA1',NULL),('180499','VILLARREAL','VILLA','IRIS HITZEL',5,'501','F','2003-12-30','VIVI031230MCHLLRA8',NULL),('186500','ARENIVAR','ROMERO','ANA FRANCENY',5,'533','F','2002-08-10','AERA020810MCHRMNA1',NULL),('186501','CARRIZALES','VILLAR','ANDREA VICTORIA',5,'534','F','2003-07-01','CAVA030701MCHRLNA2',NULL),('186502','CARRILLO','RODRIGUEZ','ARLETH ANAIS',5,'534','F','2003-07-04','CARA030704MCHRDRA6',NULL),('186504','ORTIZ','PRIETO','ALEXIS MARCELINO',5,'502','M','2003-10-09','OIPA031009HCHRRLA9',NULL),('186505','POSADA','FAVELA','DANIRY',5,'534','F','2003-07-05','POFD030705MCHSVNA7',NULL),('186508','CHACON','NAVA','YAHIR ADBEL',5,'531','M','2003-10-19','CANY031019HCHHVHA3',NULL),('186510','FLORES','CORTINAS','BEATRIZ JACQUELINE',5,'534','F','2003-09-10','FOCB030910MTSLRTA3',NULL),('186512','GUEVARA','MOYA','ANGEL OSMAR',5,'532','M','2003-02-23','GUMA030223HCHVYNA4',NULL),('186514','LOYA','OLIVAS','DANIRA JANETH',5,'533','F','2003-08-24','LOOD030824MCHYLNA9',NULL),('186515','TENA','MONTES','LAYLA',5,'532','F','2003-02-13','TEML030213MNENNYA4',NULL),('186516','OLAVES','RODRIGUEZ','MAYRA YARED',5,'533','F','2001-12-27','OARM011227MCHLDYA8',NULL),('186521','MARTINEZ','CARDENAS','VALERIA',5,'503','F','2003-08-04','MACV030804MCHRRLA2',NULL),('190001','ACOSTA','CALDERON','ANGEL GABRIEL',3,'304','M','2004-05-19','AOCA040519HCHCLNA0',NULL),('190002','ALMAGUER','VALLES','AYLIN ANDREA',3,'301','F','2004-09-30','AAVA040930MCHLLYA1',NULL),('190003','ARMENDARIZ','BERNAL','VALERIA',3,'304','F','2004-01-05','AEBV040105MCHRRLA1',NULL),('190004','ARMENDARIZ','BERNAL','VANESSA',3,'304','F','2004-01-05','AEBV040105MCHRRNA5',NULL),('190005','AVILA','RUVALCABA','JOEL LORETO',3,'301','M','2004-05-28','AIRJ040528HCHVVLA9',NULL),('190006','BALLESTEROS','OROZCO','MARIA FERNANDA',3,'304','F','2004-03-06','BAOF040306MCHLRRA5',NULL),('190007','BARRAZA','URBINA','OSCAR DANIEL',3,'304','M','2004-10-11','BAUO041011HCHRRSA7',NULL),('190008','CALDERON','RODRIGUEZ','ILSE ALEJANDRA',3,'301','F','2004-04-06','CARI040406MCHLDLA4',NULL),('190009','CALDERON','SIGALA','DIEGO',3,'303','M','2004-05-10','CASD040510HCHLGGA9',NULL),('190010','CARRASCO','RODRIGUEZ','KEVIN ALONSO',3,'303','M','2003-07-09','CARK030709HCHRDVA9',NULL),('190011','CARRILLO','SAENZ','YEIRA DANIELA',3,'304','F','2004-01-11','CASY040111MCHRNRA5',NULL),('190012','CHAVIRA','ARREOLA','MICHELLE',3,'301','F','2004-11-24','CAAM041124MCHHRCA8',NULL),('190013','DE ANDA','SORIA','ANDREA GUADALUPE',3,'302','F','2004-05-01','AASA040501MCHNRNA2',NULL),('190015','ESCALERA','PEĽA','IAN YERAY',3,'301','M','2004-05-23','EAPI040523HCHSXNA6',NULL),('190016','FERNANDEZ','NAVARRO','SENDY ROCIO',3,'301','F','2004-12-01','FENS041201MCHRVNA5',NULL),('190017','FLORES','HERRERA','EMMANUEL',3,'304','M','2004-06-10','FOHE040610HCHLRMA0',NULL),('190018','FONSECA','RAMOS','ODETH',3,'301','F','2004-09-06','FORO040906MCHNMDA3',NULL),('190019','GALLEGOS','PACHECO','YESSICA',3,'301','F','2004-09-23','GAPY040923MCHLCSA1',NULL),('190020','GARCIA','SANCHEZ','LUIS ROMARIO',3,'302','M','2004-11-08','GASL041108HCHRNSA5',NULL),('190021','GOMEZ','CARRASCO','KARLA ANGELICA',3,'304','F','2004-03-05','GOCK040305MCHMRRA7',NULL),('190022','GONZALEZ','SOLIS','JANETH ALEJANDRA',3,'304','F','2004-01-14','GOSJ040114MCHNLNA9',NULL),('190023','GONZALEZ','VILLA','MARIA DENISSE',3,'303','F','2004-06-06','GOVD040606MCHNLNA8',NULL),('190024','GUEREQUE','TORRES','JESUS MANUEL',3,'305','M','2004-09-29','GUTJ040929HCHRRSA7',NULL),('190025','HERNANDEZ','RUIZ','LESLY ALEJANDRA',3,'302','F','2004-02-24','HERL040224MCHRZSA0',NULL),('190026','JAQUEZ','MALDONADO','SANDRA PAOLA',3,'302','F','2004-05-01','JAMS040501MCHQLNA5',NULL),('190027','JAQUEZ','RAMOS','JADE ESMERALDA',3,'302','F','2004-09-19','JARJ040919MCHQMDA9',NULL),('190028','LARA','BELTRAN','LUIS DAVID',3,'301','M','2004-11-28','LABL041128HCHRLSA1',NULL),('190029','LOPEZ','BOJORQUEZ','XIMENA',3,'302','F','2004-08-31','LOBX040831MCHPJMA8',NULL),('190030','LOPEZ','RODRIGUEZ','JAVIER ALEXIS',3,'304','M','2004-05-28','LORJ040528HCHPDVA5',NULL),('190031','LOZANO','TORRES','IVONNE LUCERO',3,'302','F','2004-02-07','LOTI040207MCHZRVA0',NULL),('190032','MALDONADO','AGUIRRE','PAULINA',3,'304','F','2004-08-22','MAAP040822MCHLGLA2',NULL),('190033','MELENDEZ','BEJARANO','SAUL RAMIRO',3,'303','M','2004-04-10','MEBS040410HCHLJLA3',NULL),('190034','MENDOZA','FIERRO','CINDY MICHELLE',3,'305','F','2004-07-14','MEFC040714MCHNRNA3',NULL),('190035','MORENO','MENDEZ','ANA YATZIL',3,'301','F','2004-10-27','MOMA041027MCHRNNA7',NULL),('190036','NIETO','MENDEZ','DANNA VIANNEY',3,'302','F','2004-02-18','NIMD040218MCHTNNA4',NULL),('190037','OZORNIO','VARGAS','ANGEL EDUARDO',3,'301','M','2004-10-19','OOVA041019HCHZRNA5',NULL),('190038','PEREZ','RUBIO','LEONARDO',3,'301','M','2004-04-08','PERL040408HCHRBNA8',NULL),('190039','PONCE','MARIN','MICHELLE STEFANY',3,'302','F','2004-12-17','POMM041217MCHNRCA1',NULL),('190040','POXTAN','SANCHEZ','BRISEYDA SUGUEY',3,'302','F','2004-09-14','POSB040914MVZXNRA9',NULL),('190041','ROCHA','MENDOZA','SAUL ALBERTO',3,'301','M','2004-11-19','ROMS041119HCHCNLA1',NULL),('190042','RODRIGUEZ','PEREZ','RUTH EUNICE',3,'304','F','2004-03-01','ROPR040301MCHDRTA2',NULL),('190043','RODRIGUEZ','TELLEZ','OSCAR DAHIR',3,'301','M','2004-11-02','ROTO041102HCHDLSA5',NULL),('190044','SANCHEZ','SANDOVAL','SEBASTIAN',3,'301','M','2004-06-12','SASS040612HCHNNBA1',NULL),('190045','SANCHEZ','REYES','CHRISTIAN ANDRE',3,'301','M','2004-04-10','SARC040410HCHNYHA6',NULL),('190046','SERNA','QUIROZ','PAOLA',3,'302','F','2004-10-22','SEQP041022MCHRRLA9',NULL),('190047','SIGALA','ESCOBAR','ISMAEL ALEJANDRO',3,'305','M','2004-01-21','SIEI040121HCHGSSA1',NULL),('190048','SOLTERO','MARTINEZ','ROXANA',3,'304','F','2004-10-14','SOMR041014MCHLRXA0',NULL),('190049','VALDEZ','SEGOVIA','GABRIEL',3,'304','M','2004-01-03','VASG040103HCHLGBA6',NULL),('190050','VIDAL','SANDOVAL','MIGUEL EDUARDO',3,'303','M','2004-09-22','VISM040922HNEDNGA9',NULL),('190051','ACOSTA','BARRAZA','ANGEL ARMANDO',3,'303','M','2004-05-13','AOBA040513HCHCRNA2',NULL),('190053','ARMENDARIZ','GARCIA','ANHUAR GABRIEL',3,'305','M','2004-08-16','AEGA040816HCHRRNA9',NULL),('190055','BARAY','MARQUEZ','JAQUELINE',3,'303','F','2004-12-29','BAMJ041229MCHRRQA3',NULL),('190056','BILBAO','GUERRA','LESLYE YAHAIRA',3,'301','F','2004-01-04','BIGL040104MCHLRSA0',NULL),('190057','CALDERON','LARES','AMERICA GUADALUPE',3,'305','F','2004-09-24','CALA040924MCHLRMA6',NULL),('190058','CARRILLO','AMPARAN','EIMY JAQUELINE',3,'301','F','2004-08-26','CAAE040826MNERMMA5',NULL),('190059','CARRILLO','CHAVIRA','RICARDO',3,'302','M','2004-04-24','CACR040424HCHRHCA4',NULL),('190060','CARRILLO','COVARRUBIAS','ABEL FERNANDO',3,'304','M','2004-06-17','CXCA040617HCHRVBA0',NULL),('190061','CEPEDA','PEDROZA','GISELA',3,'302','F','2004-09-20','CEPG040920MCHPDSA8',NULL),('190062','CORONA','ESCAMILLA','BENITO',3,'305','M','2004-01-09','COEB040109HCHRSNA9',NULL),('190063','CORTEZ','MELENDEZ','GEORGINA LIZETH',3,'303','F','2004-12-04','COMG041204MCHRLRA5',NULL),('190064','DOMINGUEZ','PONCE','LESLIE RUBY',3,'302','F','2004-06-29','DOPL040629MCHMNSA0',NULL),('190065','DOMINGUEZ','ESTRADA','AARON HIRAM',3,'301','M','2004-08-28','DOEA040828HCHMSRA3',NULL),('190067','GARCIA','SAENZ','FATIMA',3,'305','F','2004-04-05','GASF040405MCHRNTA8',NULL),('190068','GRAJALES','GARCIA','ANGELICA',3,'302','F','2004-03-18','GAGA040318MCHRRNA6',NULL),('190069','GUTIERREZ','FLORES','EVELYN ALEJANDRA',3,'301','F','2004-04-18','GUFE040418MCHTLVA5',NULL),('190070','GUTIERREZ','MEDRANO','MICHELLE FERNANDA',3,'303','F','2004-09-12','GUMM040912MCHTDCA4',NULL),('190071','GUTIERREZ','VAZQUEZ','PAUL IGNACIO',3,'301','M','2004-10-17','GUVP041017HCHTZLA7',NULL),('190072','HERNANDEZ','ESCAPITA','DANIEL IVAN',3,'303','M','2004-04-17','HEED040417HCHRSNA1',NULL),('190073','HERNANDEZ','JIMENEZ','JOEL AARON',3,'303','M','2004-09-14','HEJJ040914HNERMLA8',NULL),('190074','HERNANDEZ','OCHOA','CHRISTIAN JARET',3,'304','M','2004-12-10','HEOC041210HCHRCHA9',NULL),('190075','HOLGUIN','ROSAS','FERNANDO ADRIEL',3,'301','M','2004-02-21','HORF040221HCHLSRA6',NULL),('190076','JABALERA','MIRANDA','JUAN REYLI',3,'302','M','2004-07-02','JAMJ040702HCHBRNA6',NULL),('190077','JARA','MENDEZ','KEVIN DAVID',3,'305','M','2003-09-27','JAMK030927HCHRNVA5',NULL),('190078','MARQUEZ','DEL RIO','YAZMIN',3,'302','F','2004-07-30','MARY040730MCHRXZA6',NULL),('190079','MARQUEZ','HERNANDEZ','ALINE MICHEL',3,'303','F','2004-02-05','MAHA040205MCHRRLA6',NULL),('190080','MARQUEZ','LOZOYA','REGINA',3,'302','F','2004-11-14','MALR041114MCHRZGA3',NULL),('190081','MARTINEZ','SOSA','XIMENA',3,'305','F','2004-11-07','MASX041107MCHRSMA8',NULL),('190082','MARTINEZ','VAZQUEZ','LUIS ALFREDO',3,'301','M','2004-01-04','MAVL040104HCHRZSA5',NULL),('190083','NAJERA','GALLEGOS','SARA ISABEL',3,'303','F','2004-10-09','NAGS041009MCHJLRA5',NULL),('190085','OCHOA','GONZALEZ','EVELYN AMERICA',3,'305','F','2004-07-06','OOGE040706MCHCNVA6',NULL),('190086','ORTIZ','GUTIERREZ','KENYA YAZEL',3,'305','F','2004-09-13','OIGK040913MCHRTNA9',NULL),('190087','ORTIZ','MAESE','MARTIN ENRIQUE',3,'303','M','2004-11-11','OIMM041111HCHRSRA6',NULL),('190088','PEĽALOZA','ONTIVEROS','ALBERTO',3,'302','M','2004-07-25','PEOA040725HCHXNLA3',NULL),('190089','PEREZ','VALENCIA','NAOMI ALEXANDRA',3,'301','F','2004-11-07','PEVN041107MCHRLMA7',NULL),('190090','RENTERIA','VILLALOBOS','ABRIL IRAN',3,'301','F','2004-09-30','REVA040930MCHNLBA1',NULL),('190091','RIVERA','CARDENAS','JANETH',3,'305','F','2004-02-23','RICJ040223MNEVRNA0',NULL),('190092','ROCHA','HERRERA','ELIEL',3,'303','M','2004-04-02','ROHE040402HCHCRLA8',NULL),('190093','RODELA','ORTIZ','NATASHA',3,'303','F','2004-08-03','ROON040803MCHDRTA0',NULL),('190094','ROJAS','CHAVEZ','JOSTYN ALAN',3,'305','M','2004-10-01','ROCJ041001HCHJHSA9',NULL),('190095','RUIZ','RAMIREZ','ALBERTO',3,'303','M','2004-03-01','RURA040301HCHZMLA4',NULL),('190096','SALAS','GUTIERREZ','NADIA JAQUELIN',3,'302','F','2004-01-08','SAGN040108MCHLTDA6',NULL),('190097','SOLIS','HERNANDEZ','JUAN ANTONIO',3,'301','M','2004-05-31','SOHJ040531HCHLRNA2',NULL),('190098','TARANGO','CARREON','ROGELIO',3,'303','M','2004-02-27','TACR040227HCHRRGA9',NULL),('190099','TRILLO','GINEZ','ALFONSO PATRICIO',3,'305','M','2002-08-02','TIGA020802HCHRNLA9',NULL),('190100','VAZQUEZ','FLORES','DIEGO MANUEL',3,'301','M','2004-05-03','VAFD040503HCHZLGA1',NULL),('190101','AGUILAR','RIESTRA','YOSELINE DANIELA',3,'304','F','2004-09-04','AURY040904MCHGSSA8',NULL),('190102','AGUIRRE','ALVARADO','ZAYDA NURENYH',3,'302','F','2004-09-10','AUAZ040910MCHGLYA1',NULL),('190103','ARMENDARIZ','PEDROZA','GEORGINA',3,'304','F','2004-01-06','AEPG040106MCHRDRA1',NULL),('190104','BARRAZA','ROSALES','CRISTOPHER GAEL',3,'303','M','2004-09-05','BARC040905HCHRSRA6',NULL),('190105','CAMPOS','TORRES','DARIANA AIMEE',3,'302','F','2004-06-06','CATD040606MCHMRRA9',NULL),('190106','CARRASCO','NOREZ','IAN LUIS',3,'304','M','2004-09-16','CANI040916HCHRRNA8',NULL),('190107','CARRILLO','ROMERO','DANNIA MICHELLE',3,'304','F','2004-04-08','CARD040408MCHRMNA4',NULL),('190108','CHACON','IBARRA','PAMELA',3,'303','F','2004-02-27','CAIP040227MCHHBMA2',NULL),('190109','CHAVIRA','HERNANDEZ','MIRIAM ARELI',3,'305','F','2004-04-04','CAHM040404MCHHRRA7',NULL),('190110','CORONA','FIERRO','MARTIN URIEL',3,'303','M','2004-12-23','COFM041223HCHRRRA8',NULL),('190112','DEHERAS','SOTO','ANDREA',3,'304','F','2004-02-12','DESA040212MCHHTNA6',NULL),('190113','FUENTES','DE LA ROSA','PERLA JANETH',3,'302','F','2004-04-30','FURP040430MCHNSRA2',NULL),('190114','GALLARZA','BARRON','BRADLEY EFREN',3,'303','M','2004-07-20','GABB040720HCHLRRA9',NULL),('190115','GARCIA','ALVARADO','JOSE JULIAN',3,'302','M','2004-09-30','GAAJ040930HCHRLLA7',NULL),('190116','GOMEZ','VAZQUEZ','VALERIA',3,'302','F','2004-07-20','GOVV040720MCHMZLA7',NULL),('190117','GUERRERO','RODRIGUEZ','PAULINA MARIEL',3,'303','F','2004-08-07','GURP040807MCHRDLA7',NULL),('190118','GURROLA','LOYA','ALEJANDRA',3,'302','F','2004-03-29','GULA040329MCHRYLA8',NULL),('190119','GUTIERREZ','NEVAREZ','ROSA PRISCILA',3,'305','F','2004-04-21','GUNR040421MCHTVSA5',NULL),('190121','HERNANDEZ','ONTIVEROS','SAYRA ARELI',3,'305','F','2004-05-26','HEOS040526MCHRNYA1',NULL),('190123','JIMENEZ','IBARRA','JORGE LUIS',3,'305','M','2004-02-11','JIIJ040211HCHMBRA6',NULL),('190124','JIMENEZ','MARTINEZ','RAUL URIEL',3,'305','M','2004-04-21','JIMR040421HCHMRLA8',NULL),('190125','JIMENEZ','ROMERO','GABRIELA',3,'304','F','2004-10-05','JIRG041005MCHMMBA2',NULL),('190126','MAPULA','HERNANDEZ','ALONDRA MICHELL',3,'305','F','2004-04-17','MAHA040417MCHPRLA6',NULL),('190127','MASCORRO','SILVA','NATALIA',3,'303','F','2004-12-26','MASN041226MCHSLTA4',NULL),('190128','MENDOZA','VASQUEZ','LUISA FERNANDA',3,'304','F','2004-08-12','MEVL040812MCHNSSA1',NULL),('190129','MONTALVO','CHACON','JOHANN',3,'305','M','2004-04-16','MOCJ040416HCHNHHA6',NULL),('190131','MORALES','PEREZ','JOSE EDUARDO',3,'301','M','2004-06-05','MOPE040605HCHRRDA7',NULL),('190132','ORDAZ','GALLEGOS','MIA DEXIREE',3,'302','F','2004-10-27','OAGM041027MCHRLXA9',NULL),('190133','OROZCO','LERMA','MARTIN',3,'305','M','2003-12-21','OOLM031221HCHRRRA9',NULL),('190134','PAZ','VALLES','ALEJANDRO',3,'305','M','2004-02-02','PAVA040202HCHZLLA9',NULL),('190135','PIĽON','CHAPARRO','KIMBERLY RAQUEL',3,'302','F','2004-10-25','PICK041025MCHXHMA9',NULL),('190136','REYES','PEDROZA','PAULA SOFIA',3,'301','F','2004-09-24','REPP040924MCHYDLA3',NULL),('190137','REYNA','GARIBAY','ALEXIS LADISLAO',3,'302','M','2004-05-05','REGA040505HCHYRLA8',NULL),('190139','RODRIGUEZ','TREJO','ANGEL ANTONIO',3,'303','M','2004-08-09','ROTA040809HCHDRNA2',NULL),('190140','RODRIGUEZ','LUCERO','DANIEL ALEXIS',3,'302','M','2004-01-28','ROLD040128HCHDCNA1',NULL),('190141','RODRIGUEZ','MERCADO','BRENDA JIMENA',3,'304','F','2004-01-15','ROMB040115MCHDRRA3',NULL),('190142','ROMAN','FLORES','GERARDO ALEXIS',3,'305','M','2004-04-02','ROFG040402HCHMLRA7',NULL),('190143','SANCHEZ','MADRID','JUAN CARLOS',3,'305','M','2004-09-16','SAMJ040916HCHNDNA8',NULL),('190144','TARANGO','NUĽEZ','DANIA FERNANDA',3,'305','F','2004-11-28','TAND041128MCHRXNA3',NULL),('190145','URANGA','HERNANDEZ','LUZ AMANDA',3,'305','F','2004-10-04','UAHL041004MNERRZA4',NULL),('190146','URIBE','LEYVA','JONATHAN DAVID',3,'301','M','2004-09-20','UILJ040920HCHRYNA3',NULL),('190147','VALDEZ','CANO','AMERICA JANETHE',3,'305','F','2004-07-09','VACA040709MCHLNMA9',NULL),('190148','VAZQUEZ','ACOSTA','HANNIA CAMILA',3,'304','F','2004-10-18','VAAH041018MCHZCNA4',NULL),('190149','VEGA','GARCIA','ALAN ANTONIO',3,'303','M','2004-07-14','VEGA040714HCHGRLA8',NULL),('190150','VILLARREAL','LARA','ADAIR ISAAC',3,'301','M','2004-02-19','VILA040219HCHLRDA9',NULL),('190151','AKOSIMA','MUĽOZ','AYKO',3,'303','F','2004-12-11','AOMA041211MCHKXYA5',NULL),('190152','ARELLANO','GUEL','ANUBIS ALONDRA',3,'305','F','2004-08-08','AEGA040808MCHRLNA9',NULL),('190153','ARMENDARIZ','BEJARANO','JORGE IVAN',3,'303','M','2004-10-08','AEBJ041008HCHRJRA3',NULL),('190154','AVILES','AGUIRRE','JULIETA ANAHI',3,'304','F','2004-04-12','AIAJ040412MCHVGLA6',NULL),('190155','CEPEDA','SOTELO','ANAHI',3,'305','F','2004-08-14','CESA040814MCHPTNA5',NULL),('190156','CHACON','DELGADO','AGUSTIN GUADALUPE',3,'304','M','2004-01-02','CADA040102HCHHLGA6',NULL),('190157','CHAVEZ','LUCERO','DANIELA',3,'305','F','2004-05-06','CALD040506MCHHCNA8',NULL),('190159','DOMINGUEZ','VILLEGAS','KELVIN OBED',3,'302','M','2003-11-18','DOVK031118HCHMLLA6',NULL),('190160','DURAN','CAMACHO','FATIMA GUADALUPE',3,'305','F','2004-03-26','DUCF040326MCHRMTA3',NULL),('190161','ECHAVARRIA','RODRIGUEZ','EMILIO',3,'305','M','2004-05-29','EARE040529HCHCDMA2',NULL),('190162','ESTRADA','SAENZ','IAN PABLO',3,'302','M','2004-11-09','EASI041109HCHSNNA0',NULL),('190163','GALLEGOS','SANCHEZ','MARISA',3,'304','F','2004-07-24','GASM040724MNELNRA1',NULL),('190164','GARCIA','DELGADO','DANNA MARIE',3,'305','F','2004-11-02','GADD041102MNERLNA2',NULL),('190165','GARCIA','VAZQUEZ','DENNYS GUADALUPE',3,'304','F','2004-06-17','GAVD040617MCHRZNA9',NULL),('190166','GARIBAY','REMIGIO','CLAUDIA IVETH',3,'305','F','2004-04-23','GARC040423MCHRMLA8',NULL),('190167','GONZALEZ','NAVARRETE','CRISTHIAN IDAN',3,'303','M','2004-03-15','GONC040315HCHNVRA0',NULL),('190168','GONZALEZ','FLORES','ESTEBAN',3,'303','M','2004-06-03','GOFE040603HCHNLSA4',NULL),('190169','GONZALEZ','LARA','XIMENA',3,'304','F','2004-11-25','GOLX041125MCHNRMA6',NULL),('190170','GUEVARA','MORALES','RAFAEL ALEXIS',3,'305','M','2004-12-15','GUMR041215HCHVRFA3',NULL),('190171','HERNANDEZ','MARQUEZ','MA DE LOS ANGELES',3,'304','F','2004-11-01','HEMA041101MCHRRNA7',NULL),('190172','HERNANDEZ','GINEZ','ROBERTO',3,'303','M','2004-06-02','HEGR040602HCHRNBA7',NULL),('190173','HERNANDEZ','HERNANDEZ','GAEL EMILIANO',3,'303','M','2004-01-03','HEHG040103HCHRRLA7',NULL),('190174','HERNANDEZ','LOPEZ','DANIA PAOLA',3,'301','F','2004-11-05','HELD041105MCHRPNA0',NULL),('190175','HERRERA','CORRAL','ANA YAQUELIN',3,'304','F','2004-07-06','HECA040706MCHRRNA8',NULL),('190176','JIMENEZ','HERNANDEZ','JULIAN',3,'305','M','2004-09-20','JIHJ040920HCHMRLA7',NULL),('190177','LARA','JIMENEZ','ALAN NOE',3,'305','M','2004-08-15','LAJA040815HCHRMLA0',NULL),('190178','LARA','RAMIREZ','LUIS HECTOR',3,'305','M','2004-02-25','LARL040225HNERMSA4',NULL),('190179','LOPEZ','LOZOYA','JOCELYN CAROLINA',3,'304','F','2004-05-09','LOLJ040509MCHPZCA6',NULL),('190180','LOYA','TORRES','DAYANA',3,'304','F','2004-01-19','LOTD040119MCHYRYA4',NULL),('190181','LUGO','TORRES','CARLOS ALBERTO',3,'303','M','2004-06-03','LUTC040603HCHGRRA2',NULL),('190182','LUJAN','GONZALEZ','IRVING EDUARDO',3,'303','M','2003-09-21','LUGI030921HCHJNRA9',NULL),('190183','MARTHA','SERNA','RICARDO EFRAIN',3,'304','M','2004-09-17','MASR040917HCHRRCA6',NULL),('190184','MEDINA','RAMIREZ','MARELY GUADALUPE',3,'305','F','2004-09-22','MERM040922MCHDMRA0',NULL),('190185','MELENDEZ','RODRIGUEZ','VALERIA MARIA',3,'305','F','2004-02-04','MERV040204MCHLDLA6',NULL),('190186','MILLAN','FRAUSTO','CARLOS SAELTIEL',3,'303','M','2003-12-06','MIFC031206HCHLRRA8',NULL),('190187','MORALES','GONZALEZ','ALEXA GABRIELA',3,'305','F','2004-06-04','MOGA040604MCHRNLA2',NULL),('190188','NUĽEZ','ESPINO','YAHIR JESUS',3,'302','M','2004-01-13','NUEY040113HCHXSHA1',NULL),('190189','ORTIZ','IBARRA','MIGUEL',3,'304','M','2004-09-24','OIIM040924HCHRBGA5',NULL),('190190','PACHECO','REYES','FERNANDA YAZMIN',3,'304','F','2004-03-05','PARF040305MCHCYRA3',NULL),('190192','PEREZ','TERRAZAS','PAOLA TERESA',3,'304','F','2004-09-15','PETP040915MCHRRLA1',NULL),('190193','RAMOS','HERNANDEZ','ADAN ALBERTO',3,'305','M','2004-05-18','RAHA040518HCHMRDA2',NULL),('190194','RAMOS','VAZQUEZ','JARETZY SELENA',3,'305','F','2004-08-19','RAVJ040819MCHMZRA8',NULL),('190195','RIVERA','MONCAYO','DAVID JOSUE',3,'302','M','2004-06-02','RIMD040602HCHVNVA7',NULL),('190197','RODRIGUEZ','MEDINA','AIDANA MICHELLE',3,'302','F','2004-07-11','ROMA040711MCHDDDA3',NULL),('190198','TARANGO','HERNANDEZ','ERICK RAUL',3,'304','M','2004-06-21','TAHE040621HCHRRRA3',NULL),('190199','TORRES','GUEVARA','LISANDRA YULEISY',3,'305','F','2004-04-30','TOGL040430MCHRVSA1',NULL),('190200','VASQUEZ','MONSIVAIS','MARIA FERNANDA',3,'303','F','2004-07-06','VAMF040706MCHSNRA1',NULL),('190201','AGUILAR','LOPEZ','HECTOR EMMANUEL',3,'303','M','2004-01-06','AULH040106HCHGPCA3',NULL),('190202','ARELLANO','LIMAS','TANIA JATZIRY',3,'302','F','2004-01-28','AELT040128MCHRMNA2',NULL),('190203','BLANCO','PARRA','SANDRA KARELY',3,'305','F','2004-07-01','BAPS040701MCHLRNA5',NULL),('190204','CAMPOS','TORRES','DENEBY AIMEE',3,'304','F','2004-06-06','CATD040606MCHMRNA4',NULL),('190205','CARTA','CARRANZA','JESUS ARON',3,'301','M','2004-01-16','CACJ040116HCHRRSA9',NULL),('190206','CORRAL','ESQUIVEL','CAMILA',3,'301','F','2004-04-24','COEC040424MCHRSMA9',NULL),('190207','CORTES','VAZQUEZ','CESAR ALEXIS',3,'301','M','2004-06-08','COVC040608HCHRZSA4',NULL),('190209','DAVILA','ALVAREZ','SILVIA ARACELY',3,'301','F','2004-02-08','DAAS040208MCHVLLA6',NULL),('190210','DE LA CRUZ','ANCHONDO','ANDRES',3,'301','M','2004-09-16','CUAA040916HCHRNNA9',NULL),('190211','DERMA','GONZALEZ','NICOLE FERNANDA',3,'302','F','2004-02-25','DEGN040225MCHRNCA8',NULL),('190212','DURAN','BARRALLASCO','DENISSE',3,'303','F','2004-03-12','DUBD040312MCHRRNA2',NULL),('190213','GOMEZ','NATIVIDAD','MICHEL GUADALUPE',3,'302','F','2004-12-02','GONM041202MCHMTCA7',NULL),('190214','GONZALEZ','FIERRO','FERNANDO MISAEL',3,'303','M','2004-11-02','GOFF041102HCHNRRA6',NULL),('190215','GONZALEZ','MARTINEZ','CINDY',3,'303','F','2004-05-20','GOMC040520MCHNRNA0',NULL),('190217','GRACIA','','MARLENNE',3,'304','F','2004-09-24','GAXM040924MNERXRA0',NULL),('190218','MARQUEZ','PALMA','JUAN CARLOS',3,'301','M','2004-12-28','MAPJ041228HCHRLNA0',NULL),('190219','MARTINEZ','NAVA','ANA ALEJANDRA',3,'304','F','2004-09-01','MANA040901MCHRVNA7',NULL),('190220','MEJIA','GOMEZ','JORGE EDUARDO',3,'303','M','2004-04-16','MEGJ040416HCHJMRA6',NULL),('190221','MONTES','GANDARILLA','DALILA',3,'305','F','2004-05-14','MOGD040514MCHNNLA3',NULL),('190222','MONTES','LEVARIO','MARIA FERNANDA',3,'303','F','2004-06-13','MOLF040613MCHNVRA4',NULL),('190223','MORENO','CANDIA','JOSE ALEJANDRO',3,'303','M','2004-09-13','MOCA040913HCHRNLA2',NULL),('190224','MORENO','RUIZ','MARCELA EDITH',3,'304','F','2004-10-08','MORM041008MCHRZRA5',NULL),('190225','NUĽEZ','RAMOS','MELISSA',3,'302','F','2003-10-15','NURM031015MNEXMLA3',NULL),('190227','OSORIO','VAZQUEZ','HORIANA IVETTE',3,'305','F','2004-01-05','OOVH040105MCHSZRA5',NULL),('190228','OZAETA','CHAVEZ','JENNIFER LARISSA',3,'302','F','2004-05-13','OACJ040513MCHZHNA0',NULL),('190229','PAZOS','AVALOS','MARIO',3,'301','M','2004-10-03','PAAM041003HDFZVRA2',NULL),('190230','PEREZ','PEREZ','CARLOS JULIAN',3,'304','M','2004-02-19','PEPC040219HCHRRRA5',NULL),('190231','PIZARRO','BARRIO','DAVID OMAR',3,'301','M','2004-03-01','PIBD040301HCHZRVA1',NULL),('190232','RAMIREZ','RODRIGUEZ','ALAN RICARDO',3,'301','M','2004-10-07','RARA041007HCHMDLA4',NULL),('190233','RAMIREZ','ROQUE','JESICA ANAHI',3,'301','F','2004-11-18','RARJ041118MCHMQSA9',NULL),('190234','RODRIGUEZ','BONILLA','IRVIN RODOLFO',3,'303','M','2004-11-20','ROBI041120HCHDNRA7',NULL),('190235','RODRIGUEZ','TREJO','AMERICA JACKELINE',3,'302','F','2004-02-08','ROTA040208MCHDRMA0',NULL),('190236','RUIZ','HERNANDEZ','PAZ GUADALUPE',3,'301','F','2004-01-14','RUHP040114MCHZRZA6',NULL),('190237','SANCHEZ','ALVARADO','MARIA FERNANDA',3,'302','F','2004-10-26','SAAF041026MCHNLRA0',NULL),('190238','SERNA','PEINADO','MARIA DENISSE',3,'301','F','2004-09-18','SEPD040918MCHRNNA3',NULL),('190239','SERRANO','PUEBLA','ALONDRA',3,'304','F','2004-01-01','SEPA040101MCHRBLA3',NULL),('190240','SILLAS','ESPARZA','ANGEL DARIO',3,'301','M','2004-06-14','SIEA040614HCHLSNA2',NULL),('190241','SILVA','ROCHIN','JAIR',3,'301','M','2004-07-22','SIRJ040722HCHLCRA3',NULL),('190242','TORRES','MICHEL','LUIS ARTURO',3,'303','M','2004-12-18','TOML041218HCHRCSA3',NULL),('190243','TORRES','SAUCEDO','GAEL ALEJANDRO',3,'304','M','2004-03-27','TOSG040327HCHRCLA0',NULL),('190244','TRILLO','LOPEZ','AIDEE BERENICE',3,'302','F','2004-04-18','TILA040418MCHRPDA5',NULL),('190245','VALENZUELA','MERAZ','MARINA',3,'304','F','2004-08-31','VAMM040831MCHLRRA0',NULL),('190248','YAĽEZ','BARRAZA','LESLY DENISSE',3,'302','F','2004-02-20','YABL040220MCHXRSA4',NULL),('190249','YAĽEZ','ORRANTIA','IGNACIO',3,'301','M','2004-09-10','YAOI040910HCHXRGA7',NULL),('190250','ZUBIA','LIMON','JOHANA AIDE',3,'304','F','2004-01-19','ZULJ040119MCHBMHA4',NULL),('190251','AGUIRRE','ESCOBAR','SANDRA YARELI',3,'334','F','2004-01-30','AUES040130MCHGSNA4',NULL),('190252','ALVIDREZ','ALVAREZ','MARA GALILEA',3,'335','F','2004-04-06','AIAM040406MCHLLRA9',NULL),('190253','AYALA','ROMAN','JAZMIN LIZETH',3,'301','F','2004-08-31','AARJ040831MCHYMZA5',NULL),('190254','BACA','ARAUJO','CARLOS',3,'331','M','2004-10-01','BAAC041001HCHCRRA1',NULL),('190256','CABALLERO','LARA','EROS GAEL',3,'331','M','2004-01-10','CALE040110HCHBRRA2',NULL),('190257','CABALLERO','SANCHEZ','DULCE VALERIA',3,'334','F','2004-08-30','CASD040830MCHBNLA3',NULL),('190259','CRUZ','AYALA','DULCE MARIAN',3,'302','F','2004-03-21','CUAD040321MCHRYLA3',NULL),('190260','DIAZ','MENDEZ','MIGUEL ANGEL',3,'334','M','2004-02-24','DIMM040224HCHZNGA6',NULL),('190261','ESPARZA','CARRASCO','ALDO',3,'331','M','2004-09-21','EACA040921HCHSRLA4',NULL),('190262','FLORES','VASQUEZ','GEORGINA',3,'334','F','2004-11-17','FOVG041117MCHLSRA8',NULL),('190263','GAMBOA','DE ANDA','MILDRED',3,'335','F','2004-10-20','GAAM041020MCHMNLA1',NULL),('190264','GANDARA','GANDARILLA','WENDY LIZBETH',3,'334','F','2003-09-16','GAGW030916MCHNNNA1',NULL),('190265','GARCIA','AGUILAR','CARMEN DARLENE',3,'302','F','2004-02-28','GAAC040228MCHRGRA6',NULL),('190266','GARCIA','VALDEZ','JOSE DANIEL',3,'331','M','2004-08-14','GAVD040814HCHRLNB2',NULL),('190267','GONZALEZ','MARQUEZ','MARYAM FERNANDA',3,'331','F','2004-12-17','GOMM041217MCHNRRA3',NULL),('190269','LOMAS','RIVERA','ISAAC',3,'331','M','2004-05-15','LORI040515HCHMVSA0',NULL),('190271','LOPEZ','SAENZ','BARBARA JUDITH',3,'331','F','2004-11-16','LOSB041116MCHPNRA1',NULL),('190272','LUEVANOS','OCHOA','ANGELA ALEXA',3,'334','F','2004-10-18','LUOA041018MCHVCNA0',NULL),('190273','MARTA','MAURICIO','INGRID',3,'331','F','2004-02-13','MAMI040213MCHRRNA8',NULL),('190274','MARTINEZ','MOTA','DIANA ANGELICA',3,'334','F','2004-05-26','MAMD040526MCHRTNA5',NULL),('190275','MELGOZA','MADRID','JOSE MIGUEL',3,'333','M','2004-08-04','MEMM040804HCHLDGA1',NULL),('190276','MENDEZ','ROBLEDO','NOHEMI',3,'335','F','2004-09-24','MERN040924MCHNBHA4',NULL),('190277','MOLINA','ROMERO','RICARDO',3,'331','M','2004-07-13','MORR040713HCHLMCA4',NULL),('190278','MONJE','ESPINOZA','JULIO ALFREDO',3,'331','M','2004-07-05','MOEJ040705HCHNSLA0',NULL),('190279','MORA','CORRAL','JHOANA LIZETH',3,'333','F','2004-12-20','MOCJ041220MCHRRHA1',NULL),('190280','MORALES','SALDAĽA','MARIANA',3,'332','F','2004-02-16','MOSM040216MCHRLRA7',NULL),('190281','NAJERA','LUNA','JOEL',3,'334','M','2004-02-02','NALJ040202HCHJNLA1',NULL),('190282','NORIEGA','NUĽEZ','DAYANA FERNANDA',3,'331','F','2004-03-24','NOND040324MCHRXYA4',NULL),('190283','NUĽEZ','LEOS','GISELLE JAZMIN',3,'331','F','2004-06-05','NULG040605MCHXSSA5',NULL),('190284','PAYAN','PAVIA','ELO JHOANA',3,'335','F','2004-10-16','PAPE041016MCHYVLA1',NULL),('190286','QUINTANA','VALDEZ','DANIA PAOLA',3,'335','F','2004-07-18','QUVD040718MCHNLNA9',NULL),('190287','QUIĽONES','MORENO','ARIADNA DAYAMI',3,'332','F','2004-10-23','QUMA041023MCHXRRA6',NULL),('190288','RAYOS','GONZALEZ','PAOLA GUADALUPE',3,'332','F','2004-08-15','RAGP040815MCHYNLA3',NULL),('190289','REYES','RIVAS','OMAR ARIEL',3,'332','M','2004-10-30','RERO041030HCHYVMA0',NULL),('190290','RODRIGUEZ','GUEVARA','JAVIER ABDEL',3,'331','M','2004-07-11','ROGJ040711HCHDVVA1',NULL),('190291','ROMERO','ALCANTAR','AARON',3,'331','M','2004-02-20','ROAA040220HCHMLRA7',NULL),('190292','ROMERO','ALCANTAR','ANGEL',3,'331','M','2004-02-20','ROAA040220HCHMLNA2',NULL),('190293','SALAS','TORRES','RUBI ESMERALDA',3,'332','F','2004-10-21','SATR041021MCHLRBA3',NULL),('190294','SANCHEZ','GONZALEZ','ROSAURA',3,'334','F','2004-11-09','SAGR041109MCHNNSA0',NULL),('190295','SERVIN','VERGARA','ANGEL MOISES',3,'331','M','2004-08-30','SEVA040830HCHRRNA5',NULL),('190296','SOLIS','CORONEL','MOISES ANTONIO',3,'333','M','2004-10-12','SOCM041012HCHLRSA9',NULL),('190297','SOTELO','COVARRUBIAS','MARIANA MICHELLE',3,'302','F','2004-08-27','SOCM040827MCHTVRA4',NULL),('190298','SOTO','SANCHEZ','DIANA SARASBATI',3,'335','F','2004-01-30','SOSD040130MCHTNNA8',NULL),('190299','TARANGO','PAYAN','ADRIAN OMAR',3,'331','M','2004-11-21','TAPA041121HCHRYDA9',NULL),('190300','VALLES','RODRIGUEZ','MAURICIO',3,'332','M','2004-10-01','VARM041001HCHLDRA0',NULL),('190301','AGUIRRE','MIRANDA','DANIEL ALBERTO',3,'335','M','2004-02-01','AUMD040201HCHGRNA0',NULL),('190302','ALCANTAR','HERNANDEZ','LUIS MARIO',3,'332','M','2003-11-25','AAHL031125HCHLRSA0',NULL),('190303','ARMENDARIZ','DIAZ','EDGAR ALEXIS',3,'332','M','2004-10-01','AEDE041001HCHRZDA6',NULL),('190304','BEJARANO','RUELAS','ERICK USIEL',3,'333','M','2003-01-02','BERE030102HCHJLRA3',NULL),('190305','BERNAL','GARDEA','ANDREA',3,'332','F','2004-11-24','BEGA041124MCHRRNA4',NULL),('190306','CALDERON','GUTIERREZ','MARCELO A.',3,'331','M','2004-04-07','CAGM040407HCHLTRA8',NULL),('190307','CAMPOS','RODRIGUEZ','IMELDA PAULINA',3,'333','F','2004-12-29','CARI041229MBSMDMA4',NULL),('190308','COTA','ALCALA','MIRIAM SARAI',3,'334','F','2004-04-19','COAM040419MCHTLRA2',NULL),('190309','DIAZ DE LEON','FRAGOZA','MIRIAM',3,'334','F','2004-01-03','DIFM040103MCHZRRA2',NULL),('190310','DURAN','NEVAREZ','SARA DANNEY',3,'334','F','2004-08-24','DUNS040824MCHRVRA6',NULL),('190311','DURON','TREJO','MARIANA SOFIA',3,'302','F','2004-06-10','DUTM040610MCHRRRA3',NULL),('190312','ENRIQUEZ','TORRES','YAHIR EMISEL',3,'333','M','2004-01-21','EITY040121HCHNRHA5',NULL),('190313','ESTRADA','HERRERA','XAVIER ALEJANDRO',3,'335','M','2003-10-28','EAHX031028HCHSRVA8',NULL),('190314','ESTRADA','MARTINEZ','KARINA VICTORIA',3,'335','F','2004-09-16','EAMK040916MCHSRRA8',NULL),('190315','GARCIA','PINEDO','ANGEL EDUARDO',3,'331','M','2004-01-08','GAPA040108HCHRNNA8',NULL),('190316','GOMEZ','NAJERA','SAUL',3,'335','M','2004-08-07','GONS040807HCHMJLA0',NULL),('190317','GUERRERO','GONZALEZ','LOURDES',3,'334','F','2001-05-29','GUGL010529MCHRNRA8',NULL),('190318','GUTIERREZ','AVILES','EVER EDUARDO',3,'334','M','2004-03-10','GUAE040310HCHTVVA4',NULL),('190319','HERNANDEZ','ARAIZA','VALERIA',3,'335','F','2004-04-08','HEAV040408MCHRRLA1',NULL),('190320','ISIDORO','RODRIGUEZ','FERNANDA CAROLINA',3,'332','F','2004-01-29','IIRF040129MCHSDRA0',NULL),('190321','ITUARTE','ZUBIA','CARMEN GABRIELA',3,'305','F','2001-06-16','IUZC010616MCHTBRA2',NULL),('190322','JUAREZ','MORENO','JESUS EDUARDO',3,'332','M','2004-02-21','JUMJ040221HCHRRSAO',NULL),('190323','LOYA','DURAN','SAMARA NATALY',3,'335','F','2004-07-13','LODS040713MCHYRMA3',NULL),('190324','LUJAN','NAVARRO','RAUL ARMANDO',3,'331','M','2002-09-20','LUNR020920HCHJVLA4',NULL),('190325','LUJAN','RODRIGUEZ','HUGO ALEJANDRO',3,'331','M','2003-07-12','LURH030712HCHJDGA1',NULL),('190326','MARQUEZ','VALDIVIEZO','LUIS HUMBERTO',3,'335','M','2004-04-03','MAVL040403HCHRLSA1',NULL),('190327','MARTINEZ','SALAZAR','JAZMIN',3,'332','F','2004-03-27','MASJ040327MDGRLZA2',NULL),('190328','MORENO','VARGAS','JONATHAN',3,'332','M','2003-09-15','MOVJ030915HCHRRNA6',NULL),('190329','OLIVAS','OLIVAS','JOHELI VALERIA',3,'303','F','2004-12-29','OIOJ041229MCHLLHA0',NULL),('190330','ONOFRE','ALVAREZ','DAYANA MICHELLE',3,'334','F','2004-12-27','OOAD041227MCHNLYA5',NULL),('190331','OROZCO','SANCHEZ','CARLOS ALBERTO',3,'334','M','2003-09-03','OOSC030903HCHRNRA8',NULL),('190332','PEREZ','ANGELA','JOCELIN',3,'332','F','2004-02-04','PEAJ040204MNERXNA4',NULL),('190333','PONCE','DURAN','VALERIA',3,'334','F','2004-09-09','PODV040909MCHNRLA5',NULL),('190334','QUINTANA','MENDOZA','ALONDRA',3,'332','F','2004-08-10','QUMA040810MCHNNLA3',NULL),('190335','QUIĽONES','MUĽOZ','JOEL OCTAVIO',3,'335','M','2004-10-16','QUMJ041016HCHXXLA1',NULL),('190336','RAMOS','BARRON','AARON TADEO',3,'332','M','2004-04-30','RABA040430HCHMRRA6',NULL),('190337','RODRIGUEZ','BETANCE','DANIELA',3,'335','F','2004-03-29','ROBD040329MCHDTNA8',NULL),('190338','RODRIGUEZ','LOERA','ADRIANA MICHELLE',3,'335','F','2004-09-18','ROLA040918MCHDRDA4',NULL),('190339','ROMERO','DE LEON','ABRIL JAZZIRY',3,'334','F','2004-03-20','ROLA040320MCHMNBA3',NULL),('190341','SAENZ','FRAGOZA','GAEL YAMIR',3,'335','M','2004-06-07','SAFG040607HCHNRLA5',NULL),('190342','SIFUENTES','GANDARA','YARETZI',3,'332','F','2004-01-23','SIGY040123MCHFNRA8',NULL),('190343','SIQUEIROS','VARGAS','OMAR GABRIEL',3,'333','M','2004-01-11','SIVO040111HCHQRMA8',NULL),('190344','SOTO','GOMEZ','ANA BELEN',3,'334','F','2004-09-09','SOGA040909MCHTMNA6',NULL),('190348','VELAZQUEZ','','SEBASTIAN',3,'335','M','2004-04-30','VES040430HCHLXBA6',NULL),('190349','VILLAZANO','JASSO','PAUL OBED',3,'334','M','2004-09-07','VIJP040907HCHLSLA4',NULL),('190350','YAĽEZ','PORRAS','FERNANDA',3,'334','F','2004-11-07','YAPF041107MCHXRRA3',NULL),('190351','ACOSTA','RIVOTA','NANCY VALERIA',3,'332','F','2004-12-16','AORN041216MCHCVNA3',NULL),('190352','AGUIRRE','CHAPARRO','JESUS DANIEL',3,'333','M','2004-09-04','AUCJ040904HCHGHSA2',NULL),('190353','ALCALA','SERNA','MAYRA LIZETH',3,'305','F','2004-01-21','AASM040121MCHLRYA0',NULL),('190354','ALDAZ','TALAMANTES','CESAR ARTURO',3,'332','M','2004-12-15','AATC041215HCHLLSA1',NULL),('190355','AMPARAN','SAENZ','REY BALTAZAR',3,'335','M','2004-01-09','AASR040109HCHMNYA3',NULL),('190356','APARICIO','MONTES','CAROLINA LISETT',3,'332','F','2004-02-01','AAMC040201MMCPNRA7',NULL),('190357','BACA','MENDOZA','ROSA ESMERALDA',3,'333','F','2004-12-13','BAMR041213MCHCNSA6',NULL),('190358','BRIONES','CALDERON','ANGELA VALERIA',3,'331','F','2004-09-18','BICA040918MCHRLNA6',NULL),('190359','BURROLA','ROJAS','OSCIEL',3,'331','M','2004-08-11','BURO040811HCHRJSA8',NULL),('190360','CABRERA','GAYTAN','MARIO',3,'331','M','2004-12-08','CAGM041208HCHBYRA9',NULL),('190361','CANO','MASCORRO','MARCO FABIO',3,'331','M','2004-11-30','CAMM041130HCHNSRA0',NULL),('190362','CASTAĽEDA','HERNANDEZ','IVAN ALEJANDRO',3,'331','M','2004-12-03','CAHI041203HCHSRVA4',NULL),('190363','CORONADO','JUDITH','ARELY',3,'333','F','2004-12-29','COXJ041229MNERXDA7',NULL),('190364','ESCALANTE','PROSPERO','AIDYL DAENA',3,'333','F','2004-09-06','EAPA040906MCHSRDA9',NULL),('190365','FERNANDEZ','FLORES','DARIANA ALEJANDRA',3,'335','F','2004-08-03','FEFD040803MCHRLRA0',NULL),('190366','FERNANDEZ','MELENDEZ','KAREN ELENA',3,'331','F','2004-03-10','FEMK040310MCHRLRA5',NULL),('190367','FLORES','FIGUEROA','JOSE ARTURO',3,'333','M','2004-01-05','FOFA040105HCHLGRA2',NULL),('190368','GANDARILLA','SALGADO','VALERIA',3,'335','F','2003-10-07','GASV031007MCHNLLA0',NULL),('190369','GONZALEZ','CARREĽO','FRANCISCO YAHIR',3,'331','M','2004-02-16','GOCF040216HCHNRRA9',NULL),('190370','GONZALEZ','RAMOS','LUIS ARTURO',3,'332','M','2004-08-19','GORL040819HCHNMSA1',NULL),('190371','GUTIERREZ','CUEVAS','IVAN RAMON',3,'333','M','2004-10-23','GUCI041023HCHTVVA6',NULL),('190372','HERNANDEZ','VILLALOBOS','JOSE CARLOS',3,'332','M','2004-04-14','HEVC040414HCHRLRA2',NULL),('190373','HERRERA','HERNANDEZ','LUIS FELIPE',3,'335','M','2004-05-20','HEHL040520HCHRRSA1',NULL),('190374','LEDEZMA','LEIVA','WENDY NAYELI',3,'331','F','2004-07-11','LELW040711MCHDVNA1',NULL),('190375','LOPEZ','MARRUFO','FLOR  NAYHAMIN',3,'333','F','2004-10-27','LOMF041027MCHPRLA6',NULL),('190376','LOPEZ','LICON','RUBEN ANDREE',3,'332','M','2004-01-18','LOLR040118HCHPCBA3',NULL),('190377','MARILES','JASSO','BRAYAN ANTONIO',3,'333','M','2004-07-21','MAJB040721HCHRSRA5',NULL),('190378','MARTHA','ESPARZA','ITZEL PALOMA',3,'333','F','2004-10-12','MAEI041012MCHRSTA0',NULL),('190379','MARTINEZ','LOPEZ','KARLA',3,'333','F','2004-03-20','MALK040320MCHRPRA3',NULL),('190380','MARTINEZ','MELENDEZ','YAEL',3,'335','M','2004-05-14','MAMY040514HCHRLLA5',NULL),('190381','MATA','RODRIGUEZ','MARIO IVAN',3,'335','M','2004-05-23','MARM040523HCHTDRA4',NULL),('190382','MENDOZA','RODRIGUEZ','YAKSI ESMERALDA',3,'334','F','2004-09-09','MERY040909MCHNDKA2',NULL),('190383','MORENO','ONTIVEROS','IVAN ALEJANDRO',3,'333','M','2004-09-25','MOOI040925HCHRNVA3',NULL),('190384','MUĽOZ','GONZALEZ','PERLA MELISSA',3,'333','F','2004-04-27','MUGP040427MCHXNRA4',NULL),('190385','NIĽO','OLIVAS','KEYLA ADILEN',3,'303','F','2004-02-14','NIOK040214MCHXLYA9',NULL),('190386','OGAZ','SOSA','LUIS CARLOS',3,'333','M','2004-07-31','OASL040731HCHGSSA8',NULL),('190387','OLIVAS','GOMEZ','ALLISON',3,'333','F','2004-08-21','OIGA040821MCHLMLA1',NULL),('190388','ORTIZ','ROCHA','JOSE RAMON',3,'303','M','2004-12-17','OIRR041217HCHRCMA1',NULL),('190389','PAYAN','FLORES','DAYANA NAOMI',3,'335','F','2004-11-04','PAFD041104MCHYLYA0',NULL),('190390','PEREZ','PAVIA','SOFIA',3,'334','F','2004-03-03','PEPS040303MCHRVFA6',NULL),('190391','PINEDA','GONZALEZ','FRANCIA BERENIZ',3,'333','F','2004-05-23','PIGF040523MCHNNRA8',NULL),('190393','RIVERA','VAZQUEZ','ZARAK HERUBEY',3,'334','F','2001-02-02','RIVZ010202MCHVZRA6',NULL),('190394','RODRIGUEZ','AVILA','KARLA LIZETH',3,'334','F','2003-09-10','ROAK030910MCHDVRA4',NULL),('190395','RODRIGUEZ','RUBALCAVA','MARCOS DAVID',3,'333','M','2004-09-03','RORM040903HCHDBRA0',NULL),('190396','SUSTAITA','','SHARAI',3,'331','F','2004-04-04','SUXS040404MNESXHA7',NULL),('190397','TARIN','GARFIO','EVELYN ITZEL',3,'333','F','2004-09-24','TAGE040924MCHRRVA7',NULL),('190398','VELAZQUEZ','HERMOSILLO','CAROLINA',3,'332','F','2004-01-06','VEHC040106MCHLRRA4',NULL),('190399','VENEGAS','MENDOZA','JEREMY SHANDE',3,'331','M','2004-03-10','VEMJ040310HDGNNRA0',NULL),('190400','YAĽEZ','POBLANO','SEBASTIAN',3,'334','M','2004-03-07','YAPS040307HCHXBBA2',NULL),('190401','ZAPATA','CERVANTES','JESUS',3,'335','M','2004-02-18','ZACJ040218HCHPRSA8',NULL),('190402','ACOSTA','GARCIA','JENNIFER DENISSE',3,'331','F','2003-02-04','AOGJ030204MCHCRNA0',NULL),('190403','ARREDONDO','ARREDONDO','VICTOR MANUEL',3,'331','M','2004-10-07','AEAV041007HCHRRCA5',NULL),('190404','BARRAZA','REYES','EDITH GUADALUPE',3,'333','F','2004-03-11','BARE040311MCHRYDA9',NULL),('190405','BENCOMO','VILLA','BRYAN IVAN',3,'331','M','2004-09-17','BEVB040917HCHNLRA8',NULL),('190406','BERMUDEZ','CHAPARRO','ANGELA YATZIRI',3,'335','F','2004-03-20','BECA040320MCHRHNA8',NULL),('190407','CANDIA','GUTIERREZ','JONATHAN ISMAEL',3,'335','M','2004-03-15','CAGJ040315HCHNTNA7',NULL),('190410','CHAVARRIA','PAYAN','PRISCILA LIZBETH',3,'333','F','2004-07-16','CAPP040716MCHHYRA4',NULL),('190411','CHAVEZ','RAMIREZ','MABEL',3,'334','F','2004-03-23','CARM040323MCHHMBA6',NULL),('190412','DEL RIO','ENRIQUEZ','RAUL',3,'334','M','2004-02-10','RIER040210HCHXNLA5',NULL),('190413','ESPINOZA','MIRANDA','LUIS AMIR',3,'331','M','2004-10-23','EIML041023HCHSRSA8',NULL),('190414','FIERRO','OCHOA','ALEXA IVONNE',3,'333','F','2004-07-05','FIOA040705MCHRCLA7',NULL),('190415','FLORES','GOMEZ','JATZIRI PRISCILA',3,'333','F','2004-02-25','FOGJ040225MCHLMTA0',NULL),('190416','FRESCAS','CONTRERAS','EDUYN MANUEL',3,'334','M','2004-05-20','FECE040520HCHRNDA0',NULL),('190417','GARCIA','VALDEZ','IVAN ALBERTO',3,'335','M','2004-08-14','GAVI040814HCHRLVA2',NULL),('190418','GAYTAN','GARCIA','MARGARITA',3,'333','F','2004-07-05','GAGM040705MCHYRRA9',NULL),('190419','GONZALEZ','BENAVIDES','CRISTIAN ARTURO',3,'332','M','2003-10-11','GOBC031011HCHNNRA8',NULL),('190420','GONZALEZ','ESTRADA','DANNA SARAHI',3,'335','F','2004-06-01','GOED040601MCHNSNA9',NULL),('190421','GONZALEZ','HERRERA','JOSE JAVIER',3,'302','M','2004-02-06','GOHJ040206HCHNRVA7',NULL),('190422','GUTIERREZ','SERNA','DANNA PAOLA',3,'304','F','2004-01-31','GUSD040131MCHTRNA1',NULL),('190423','JUAREZ','BENAVIDES','KAREN YAEL',3,'331','F','2003-02-09','JUBK030209MCHRNRA5',NULL),('190424','LEOS','ESPARZA','KEVIN EDUARDO',3,'335','M','2004-03-23','LEEK040323HCHSSVA9',NULL),('190425','LOPEZ','MARTINEZ','ROBERTO EMMYR',3,'334','M','2002-09-15','LOMR020915HJCPRBA9',NULL),('190427','MANCILLA','CONTRERAS','BRAYAN',3,'334','M','2004-07-20','MACB040720HZSNNRA5',NULL),('190428','MARQUEZ','SARMIENTO','GUADALUPE',3,'304','F','2003-12-06','MASG031206MSRRRDA5',NULL),('190429','MARTINEZ','MORALES','DANNA KARIME',3,'333','F','2004-09-11','MAMD040911MCHRRNA4',NULL),('190431','MERAZ','VILLANUEVA','DIANA IBETH',3,'334','F','2004-07-08','MEVD040708MCHRLN',NULL),('190432','MOLINA','ARCINIEGA','BELEM AZENETH',3,'334','F','2004-06-18','MOAB040618MCHLRLA2',NULL),('190433','MONTAĽEZ','MORALES','ERNESTO ALEJANDRO',3,'332','M','2004-02-06','MOME040206HCHNRRA6',NULL),('190434','MORALES','CERVANTES','JAIME ESTEBAN',3,'333','M','2004-04-05','MOCJ040405HCHRRMA8',NULL),('190435','MORENO','ARAUJO','EBER LEONARDO',3,'331','M','2004-07-01','MOAE040701HCHRRBA4',NULL),('190436','MUĽOZ','DE','ANDA NATALY',3,'333','F','2004-10-15','MUA041015MCHXXNTA9',NULL),('190437','NAVA','SERNA','CECILIA',3,'334','F','2004-02-25','NASC040225MCHVRCA3',NULL),('190438','NUĽEZ','URIBE','WENDY GRISELLE',3,'335','F','2004-07-24','NUUW040724MCHXRNA0',NULL),('190439','OROZCO','MORENO','CARLOS ALBERTO',3,'331','M','2004-08-22','OOMC040822HCHRRRA7',NULL),('190441','PEREZ','URIBE','LAURA XIMENA',3,'333','F','2004-02-05','PEUL040205MCHRRRA6',NULL),('190442','RAMIREZ','ESPARZA','EDWIN ALEJANDRO',3,'334','M','2003-10-21','RAEE031021HCHMSDA5',NULL),('190443','REGALADO','RODRIGUEZ','GRECIA MARISOL',3,'332','F','2004-08-25','RERG040825MCHGDRA3',NULL),('190444','RETANA','ESCOBAR','LESLIE PAMELA',3,'335','F','2004-06-08','REEL040608MCHTSSA4',NULL),('190445','RODRIGUEZ','NEVAREZ','VIVIANA',3,'332','F','2004-02-04','RONV040204MCHDVVA2',NULL),('190446','RODRIGUEZ','RODRIGUEZ','ENIA ALEXA',3,'332','F','2004-07-01','RORE040701MCHDDNA7',NULL),('190447','RODRIGUEZ','TORRES','PERLA ESTEFANIA',3,'334','F','2004-09-23','ROTP040923MCHDRRA0',NULL),('190448','SALAZAR','GUTIERREZ','YAHIRA XULEI',3,'333','F','2004-12-17','SAGY041217MCHLTHA0',NULL),('190449','SALCIDO','SANCHEZ','KRISTHIAN ALEJANDRO',3,'333','M','2004-10-19','SASK041019HCHLNRA6',NULL),('190450','VALDEZ','SALGADO','VANESSA YERALDI',3,'335','F','2004-08-30','VASV040830MCHLLNA0',NULL),('190452','VARGAS','REYES','JOSE JAVIER',3,'333','M','2004-02-18','VARJ040218HCHRYVA7',NULL),('190453','AGUILAR','DE LA CRUZ','ERIK ANTONIO',3,'333','M','2004-03-31','AUCE040331HCHGRRA9',NULL),('190454','AGUIRRE','LOPEZ','DANIELA',3,'332','F','2004-11-30','AULD041130MCHGPNA2',NULL),('190455','ARMENDARIZ','MONTAĽEZ','YEIMY',3,'301','F','2004-04-11','AEMY040411MCHRNMA0',NULL),('190456','BACA','GARDEA','CHRIS',3,'332','M','2003-06-18','BAGC030618HNECRHA5',NULL),('190457','BURCIAGA','FLORES','ANGEL ALFREDO',3,'331','M','2004-01-06','BUFA040106HCHRLNA3',NULL),('190458','CANO','VILLA','DIEGO ALFONSO',3,'332','M','2004-11-04','CAVD041104HCHNLGA7',NULL),('190459','CARRASCO','CARRILLO','SERGIO IVAN',3,'333','M','2004-02-02','CACS040202HCHRRRA7',NULL),('190460','CASAS','REYES','MONIKA SARAY',3,'301','F','2004-07-03','CARM040703MCHSYNA4',NULL),('190461','CHAVEZ','RUIZ','ALONDRA',3,'335','F','2004-03-22','CARA040322MCHHZLA9',NULL),('190462','CONTRERAS','VALDEZ','LESLY LILIANA',3,'332','F','2004-04-06','COVL040406MCHNLSA4',NULL),('190463','CORRAL','SANDOVAL','JORGE ARTURO',3,'332','M','2003-09-10','COSJ030910HCHRNRA4',NULL),('190464','DIAZ','CORRAL','NATALIA',3,'335','F','2004-10-15','DICN041015MCHZRTA0',NULL),('190465','DIAZ','RODRIGUEZ','VICTORIA',3,'331','F','2004-04-06','DIRV040406MCHZDCA2',NULL),('190466','DOMINGUEZ','OLIVAS','ARILIZET',3,'302','F','2004-08-05','DOOA040805MCHMLRA6',NULL),('190467','ESTUPIĽAN','AGUILAR','NELSON DANIEL',3,'331','M','2004-03-08','EUAN040308HCHSGLA5',NULL),('190468','GAMBOA','DE ANDA','CELESTE',3,'332','F','2004-10-20','GAAC041020MCHMNLA1',NULL),('190469','GANDARA','MATA','YOSELIN ANDREA',3,'333','F','2004-11-30','GAMY041130MCHNTSA6',NULL),('190470','HERNANDEZ','ALDAZ','SAMANTHA YATZIL',3,'335','F','2004-04-15','HEAS040415MCHRLMA8',NULL),('190471','HERNANDEZ','CASSIANO','EDGAR EMILIO',3,'331','M','2004-02-22','HECE040222HCHRSDA6',NULL),('190472','HERNANDEZ','RODRIGUEZ','LESLY PAOLA',3,'332','F','2004-02-08','HERL040208MCHRDSA6',NULL),('190474','LANDEROS','LOPEZ','CHRISTOPHER URIEL',3,'333','M','2004-07-29','LALC040729HCHNPHA4',NULL),('190475','LARA','CAMACHO','ANELL DONNETH',3,'333','F','2004-05-11','LACA040511MCHRMNA5',NULL),('190476','LOZOYA','VILLANUEVA','DELIA GUADALUPE',3,'334','F','2004-05-16','LOVD040516MCHZLLA0',NULL),('190477','LUNA','CHACON','ALEJANDRO',3,'331','M','2001-12-20','LUCA011220HCHNHLA9',NULL),('190478','MARTINEZ','MARRUFO','MANUEL JULIAN',3,'331','M','2004-01-27','MAMM040127HCHRRNA3',NULL),('190479','MARTINEZ','PEREZ','JOSELYN ARLETTE',3,'333','F','2004-10-06','MAPJ041006MCHRRSA4',NULL),('190480','MATA','GALVAN','MARLENE ITZEL',3,'332','F','2004-10-07','MAGM041007MCHTLRA1',NULL),('190481','MONTELONGO','RAUL','IVAN',3,'333','M','2004-04-29','MOXR040429HNEXLA3',NULL),('190482','OCHOA','REYES','JULIO CESAR',3,'331','M','2004-06-08','OORJ040608HCHCYLA7',NULL),('190483','OGAZ','SOSA','JOSE EDUARDO',3,'333','M','2004-07-31','OASE040731HCHGSDA1',NULL),('190484','ORTIZ','PEREZ','ILSE NOHEMI',3,'334','F','2004-07-04','OIPI040704MCHRRLA6',NULL),('190485','PATIĽO','MONREAL','LAURA',3,'335','F','2004-08-31','PAML040831MCHTRRA8',NULL),('190486','PAYAN','LOPEZ','ELISA ANDREA',3,'333','F','2004-08-30','PALE040830MCHYPLA2',NULL),('190487','POLANCO','AMPARAN','ALEJANDRO',3,'331','M','2004-06-07','POAA040607HCHLMLA8',NULL),('190488','POLANCO','','EMMIE ELIZABETH',3,'335','F','2003-11-20','POXE031120MNELXM',NULL),('190489','RAMIREZ','CARDENAS','LUIS FERNANDO',3,'333','M','2004-11-09','RACL041109HCHMRSA2',NULL),('190490','RAMIREZ','FRIAS','PABLO BLADIMIR',3,'303','M','2004-04-27','RAFP040427HCHMRBA0',NULL),('190492','ROMERO','GONZALEZ','ERIK',3,'335','M','2004-02-21','ROGE040221HCHMNRA4',NULL),('190493','RUIZ','RUIZ','CARLOS JOAN',3,'335','M','2003-12-14','RURC031214HCHZZRA2',NULL),('190494','SANCHEZ','CARRILLO','NADIME',3,'332','F','2004-09-06','SACN040906MCHNRDA8',NULL),('190495','SOLTERO','ORTIZ','ALEJANDRO DANIEL',3,'335','M','2004-06-07','SOOA040607HCHLRLA0',NULL),('190496','TORRES','VILLAGRAN','NANCY KARINA',3,'332','F','2004-11-13','TOVN041113MCHRLNA1',NULL),('190497','TREJO','CEDILLO','ALISON MELISSA',3,'335','F','2004-04-04','TECA040404MCHRDLA1',NULL),('190498','URBINA','LIZALDE','JONATHAN ALBERTO',3,'335','M','2004-09-05','UILJ040905HCHRZNA4',NULL),('190499','VALENCIA','PANIAGUA','DAVID FERNANDO',3,'335','M','2004-01-23','VAPD040123HCHLNVA8',NULL),('190500','VALENZUELA','GINER','ILSE ALEJANDRA',3,'334','F','2004-07-24','VAGI040724MCHLNLA1',NULL),('190501','VIDALES','GONZALEZ','TANIA ELIZABETH',3,'332','F','2004-09-22','VIGT040922MCHDNNA5',NULL),('190502','VILLAGRAN','SANTILLANES','LUIS ROMAN',3,'334','M','2004-02-27','VISL040227HCHLNSA6',NULL),('190700','BUENO','MARTINEZ','SAMARA RUBI',5,'532','F','2003-12-28','BUMS031228MCHNRMA8',NULL),('190701','CAMPOS','CANALES','ESTEBAN',5,'503','M','2003-10-05','CACE031005HCHMNSA5',NULL),('190702','CASTRO','ESPINO','LIZETH ANAHI',5,'531','F','2002-02-08','CAEL020208MCHSSZA4',NULL),('190703','DE LUNA','MONCAYO','VANESSA MONSERRAT',5,'532','F','2003-03-01','LUMV030301MCHNNNA4',NULL),('190704','ESTEBANE','ROSALES','BLANCA VALERIA',5,'531','F','2003-11-04','EERB031104MCHSSLA3',NULL),('190705','GALLEGOS','TOVANCHE','DENISSE JULISSA',5,'532','F','2003-06-28','GATD030628MCHLVNA6',NULL),('190706','GONZALEZ','ANCHONDO','HECTOR ANTONIO',5,'531','M','2003-01-28','GOAH030128HCHNNCA5',NULL),('190708','HERNANDEZ','VILLANUEVA','DAYANA YARABID',5,'535','F','2002-10-02','HEVD021002MCHRLYA2',NULL),('190709','LEYVA','GAYTAN','LESSLY DAYANNA',5,'532','F','2002-11-26','LEGL021126MCHYYSA6',NULL),('190710','LEZAMA','FUENTES','DANIEL',5,'531','M','2002-02-10','LEFD020210HCHZNNA8',NULL),('190712','MARTINEZ','MUNDO','JESUS DANIEL',5,'532','M','2003-10-15','MAMJ031015HCHRNSA0',NULL),('190714','MUĽOZ','GONZALEZ','LESLIE ANAHI',5,'502','F','2003-10-02','MUGL031002MCHXNSA6',NULL),('190715','ORTIZ','GUTIERREZ','FRYDA RENATA',5,'535','F','2002-07-02','OIGF020702MCHRTRA6',NULL),('190716','PEREZ','HERNANDEZ','EDUARDO',5,'533','M','2002-09-21','PEHE020921HCHRRDA5',NULL),('190717','PEREZ','ZAMORA','MANUEL ELISEO',5,'533','M','2003-03-13','PEZM030313HCHRMNA0',NULL),('190718','RIVERA','MARES','ALEJANDRA PATRICIA',5,'501','F','2003-05-31','RIMA030531MCHVRLA8',NULL),('190719','ROBLES','GALLEGOS','MARIA FERNANDA',5,'532','F','2003-08-27','ROGF030827MCHBLRB3',NULL),('190720','RUIZ','CHACON','RENE ALBERTO',5,'532','M','2002-06-29','RUCR020629HCHZHNA5',NULL),('190721','RUIZ','REYES','NADYA ARMIDA',5,'535','F','2002-10-18','RURN021018MCHZYDA5',NULL),('190722','SALAZAR','ESCALANTE','IVAN ALEJANDRO',5,'532','M','2002-02-13','SAEI020213HCHLSVA0',NULL),('190724','SALINAS','VINAGRE','SEYER ADRIANA',5,'531','F','2003-05-22','SAVS030522MDFLNYA0',NULL),('190725','SIGALA','CORRAL','CARLOS MANUEL',5,'533','M','2001-04-17','SICC010417HCHGRR',NULL),('190726','SOTO','NIETO','JENIFER MICHELLE',5,'535','F','2003-10-22','SONJ031022MCHTTNA0',NULL),('190727','VIESCAS','MORALES','KEVIN YAHIR',5,'531','M','2002-09-28','VIMK020928HCHSRVA4',NULL),('190728','URIZA','SANCHEZ','ALEJANDRO',5,'532','M','2002-01-02','UISA020102HCHRNLA0',NULL),('190746','FACIO','CAMPOS','STEPHANY LIZBETH',5,'535','F','2003-06-14','FACS030614MCHCMTA2',NULL),('190747','RODRIGUEZ','ALVAREZ','DAMARIS ANNETTE',5,'505','F','2003-04-09','ROAD030409MCHDLMA5',NULL),('200001','ALFONSO','CAMACHO','CLAUDIA YESENIA',2,'101','F','2005-05-18','AOCC050518MCHLMLA3',NULL),('200002','ALVAREZ','HERRERA','LIZETH ESTEFANIA',2,'101','F','2005-03-11','AAHL050311MCHLRZA9',NULL),('200003','AMPARAN','CORTE','DIEGO',1,'101','M','2005-03-10','AACD050310HCHMRGA3','escaleracorrales845@gmail.com'),('200004','BURCIAGA','RODRIGUEZ','YARELI',1,NULL,'F','2005-12-15','BURY051215MCHRDRA0',NULL),('200005','CARO','BERSOZA','ADRIANA BELEM',2,'101','F','2005-01-18','CABA050118MCHRRDA7',NULL),('200006','CARRASCO','LOYA','ANGEL YOAN',2,'101','M','2005-12-08','CALA051208HCHRYNA6',NULL),('200007','CARRILLO','FIERRO','JOLETH GUADALUPE',2,'101','F','2005-09-21','CAFJ050921MCHRRLA9',NULL),('200008','CASTRO','RUEDA','LESLEE YUMIL',2,'101','F','2005-02-14','CARL050214MCHSDSA2',NULL),('200009','CHAVEZ','GARDEA','NAZLY NAOMI',2,'101','F','2005-03-29','CAGN050329MCHHRZA7',NULL),('200010','CHAVEZ','MARTINEZ','VALERIA',2,'101','F','2005-09-29','CAMV050929MCHHRLB3',NULL),('200011','CHAVEZ','ORTIZ','MARIELA',2,'101','F','2005-06-22','CAOM050622MCHHRRA2',NULL),('200012','CHAVEZ','SERNAS','MARELY',2,'101','F','2005-09-01','CASM050901MCHHRRA4',NULL),('200013','CORDOVA','LOPEZ','GUSTAVO ALEJANDRO',2,'101','M','2005-10-04','COLG051004HNERPSA8',NULL),('200014','GARCIA','LOZOYA','SARA SOFIA',2,'101','F','2003-07-09','GALS030709MCHRZRA4',NULL),('200015','GONZALEZ','HERNANDEZ','LEONEL',2,'101','M','2005-03-19','GOHL050319HCHNRNA3',NULL),('200016','GONZALEZ','MARTINEZ','ANDRIK GAEL',2,'101','M','2005-11-10','GOMA051110HCHNRNA9',NULL),('200017','GONZALEZ','MARTINEZ','KEVIN ANDREE',2,'101','M','2005-11-10','GOMK051110HCHNRVA2',NULL),('200018','GONZALEZ','VALLE','JOLETTE',2,'101','F','2005-09-07','GOVJ050907MCHNLLA9',NULL),('200019','GUERRERO','RODRIGUEZ','NATHALYA',2,'101','F','2005-08-18','GURN050818MCHRDTA3',NULL),('200020','GUEVARA','FLORES','MARCO ALEJANDRO',2,'101','M','2005-05-04','GUFM050504HCHVLRA9',NULL),('200021','GUTIERREZ','MONTOYA','GAEL ANTONIO',2,'101','M','2004-11-16','GUMG041116HCHTNLA7',NULL),('200022','LARA','MARIN','MELISSA',2,'101','F','2005-10-08','LAMM051008MCHRRLA4',NULL),('200023','LOPEZ','OLIVAS','EDGAR ABDIEL',2,'101','M','2005-02-28','LOOE050228HCHPLDA3',NULL),('200024','LOPEZ','VEGA','DANIELA PAOLA',2,'101','F','2005-07-25','LOVD050725MCHPGNA8',NULL),('200025','MAURICIO','MARTA','KARLA ZULEMA',2,'101','F','2005-03-01','MAMK050301MCHRRRA7',NULL),('200026','MERAZ','GALINDO','JOSUE',2,'101','M','2005-01-18','MEGJ050118HCHRLSA4',NULL),('200027','MIRANDA','ARAUJO','KIMBERLY ELIZABETH',2,'101','F','2005-11-05','MIAK051105MCHRRMA5',NULL),('200028','MONTES','JIMENEZ','ISIS DAIANA',2,'101','F','2005-03-11','MOJI050311MCHNMSA6',NULL),('200029','MORALES','RODRIGUEZ','BRAYAN ALEJANDRO',2,'101','M','2005-05-24','MORB050524HCHRDRA2',NULL),('200030','NAJERA','VAZQUEZ','MARIA FERNANDA',2,'101','F','2005-08-28','NAVF050828MCHJZRA9',NULL),('200031','NAVARRO','RUIZ','MICHELLE',2,'101','F','2005-12-19','NARM051219MCHVZCA6',NULL),('200032','PORRAS','RASCON','JAHIR ALEXANDRO',2,'101','M','2004-04-30','PORJ040430HCHRSHA9',NULL),('200033','PRIETO','NATIVIDAD','JENNIE GUADALUPE',2,'101','F','2005-04-13','PINJ050413MNERTNA7',NULL),('200034','QUIĽONEZ','RIOS','GAEL ADRIAN',2,'101','M','2005-09-21','QURG050921HCHXSLA5',NULL),('200035','RAMOS','TARANGO','MIA YAJAIRA',2,'101','F','2005-09-02','RATM050902MCHMRXA8',NULL),('200036','RODRIGUEZ','ARMENDARIZ','MARIANA GPE.',2,'101','F','2005-01-29','ROAM050129MCHDRRA1',NULL),('200037','RODRIGUEZ','CARDOZA','ANGELES VALERIA',2,'101','F','2005-08-25','ROCA050825MCHDRNA3',NULL),('200038','RODRIGUEZ','GARCIA','FATIMA',2,'101','F','2005-06-04','ROGF050604MCHDRTA4',NULL),('200039','RODRIGUEZ','ZAMARRON','SUZET ALEJANDRA',2,'101','F','2005-09-08','ROZS050908MCHDMZA1',NULL),('200040','ROMAN','CHAVIRA','ANGEL',2,'101','M','2005-02-19','ROCA050219HCHMHNA2',NULL),('200041','RUIZ','HERNANDEZ','DANNA PAOLA',2,'101','F','2005-03-17','RUHD050317MCHZRNA8',NULL),('200042','SAENZ','HERMOSILLO','GONZALO',2,'101','M','2005-10-02','SAHG051002HNENRNA4',NULL),('200043','SAENZ','POLANCO','CAMILA BRISEIDA',2,'101','F','2005-07-14','SAPC050714MCHNLMA7',NULL),('200044','SALCEDO','GUTIERREZ','MAYDA VALENTINA',2,'101','F','2004-10-20','SAGM041020MCHLTYA6',NULL),('200045','SALGADO','DELGADO','DANAEE',2,'101','F','2005-04-14','SADD050414MCHLLNA0',NULL),('200046','TRINIDAD','SALAZAR','NATASHA LIZETH',2,'101','F','2005-10-30','TISN051030MCHRLTA2',NULL),('200047','VALENZUELA','FERNANDEZ','ASHELY GPE.',2,'101','F','2005-09-12','VAFA050912MCHLRSA6',NULL),('200048','VIGIL','MORENO','MARIA DE LOS ANGELES',2,'101','F','2005-07-09','VIMA050709MCHGRNA0',NULL),('200049','VIRAMONTES','LEYVA','DAMIAN RAZIEL',2,'101','M','2005-12-28','VILD051228HCHRYMA8',NULL),('200050','ACOSTA','GARCIA','JAZMIN',1,'102','F','2005-06-06','AOGJ050606MCHCRZA7',NULL),('200051','ALATORRE','ZAVALA','ALEXIA BERENICE',1,'102','F','2005-09-15','AAZA050915MCHLVLA7',NULL),('200052','ALMAZAN','FLORES','YAHIR BERNARDO',1,'102','M','2005-07-10','AAFY050710HCHLLHA1',NULL),('200053','ALVARADO','REDE','REACHELL DAYANNA',1,'102','F','2005-07-18','AARR050718MCHLDCA3',NULL),('200054','ARAUJO','CASTILLO','ANA GUADALUPE',1,'102','F','2005-07-26','AACA050726MCHRSNA5',NULL),('200055','BARAY','CHAVIRA','LEONARDO',1,'102','M','2005-03-08','BACL050308HCHRHNA6',NULL),('200056','CARRASCO','VILLALBA','FATIMA PAOLA',1,'102','F','2005-06-28','CAVF050628MCHRLTA8',NULL),('200057','CASTRO','ENRIQUEZ','PAMELA',1,'102','F','2005-08-22','CAEP050822MCHSNMA4',NULL),('200058','CENICEROS','MATA','HECTOR JOSUE',1,'102','M','2005-08-12','CEMH050812HCHNTCA5',NULL),('200059','CHAVIRA','DE LA CRUZ','DANIELA',1,'102','F','2005-03-27','CACD050327MCHHRNA8',NULL),('200060','CORONADO','HERNANDEZ','REBECA',1,'102','F','2005-01-16','COHR050116MCHRRBA0',NULL),('200061','CORRAL','HERRERA','ARLETH GIOVANNA',1,'102','F','2005-06-27','COHA050627MCHRRRA5',NULL),('200062','DE LA CRUZ','MARTINEZ','OMAR ALEJANDRO',1,'102','M','2005-02-14','CUMO050214HCHRRMA7',NULL),('200063','DE LA FUENTE','VARGAS','GUILLERMO',1,'102','M','2005-03-20','FUVG050320HCHNRLA1',NULL),('200064','DUARTE','MATA','JORGE',1,'102','M','2005-07-25','DUMJ050725HCHRTRA9',NULL),('200065','ESCOBAR','GUERRERO','YESSICA',1,'102','F','2005-05-24','EOGY050524MCHSRSA0',NULL),('200066','FRANCO','GUARDIOLA','VICTOR ISAAC',1,'102','M','2005-11-04','FAGV051104HCHRRCA0',NULL),('200067','GAMBOA','HUERTA','YULISA MICHELLE',1,'102','F','2005-11-29','GAHY051129MCHMRLA9',NULL),('200068','GAMEZ','BETANCE','DANIELA SARAHI',1,'102','F','2005-12-07','GABD051207MCHMTNA8',NULL),('200069','GARCIA','BUENO','ALDO GAEL',1,'102','M','2004-11-20','GABA041120HCHRNLA4',NULL),('200070','GARCIA','VALENZUELA','BRYAN ARTURO',1,'102','M','2005-04-07','GAVB050407HCHRLRA3',NULL),('200071','GONZALEZ','MENDEZ','AXEL GABRIEL',1,'102','M','2005-09-23','GOMA050923HCHNNXA3',NULL),('200072','HERNANDEZ','HERNANDEZ','MIRIAM ESMERALDA',1,'102','F','2005-05-25','HEHM050525MCHRRRA1',NULL),('200073','HERNANDEZ','HERRERA','DANIELA ITALIRY',1,'102','F','2005-02-23','HEHD050223MCHRRNA2',NULL),('200074','HERNANDEZ','PAYAN','EMILIANO',1,'102','M','2005-09-29','HEPE050929HCHRYMA7',NULL),('200075','HERRERA','LERMA','CAMILA',1,'102','F','2005-05-10','HELC050510MNERRMA1',NULL),('200076','HOLGUIN','HERNANDEZ','EYMI JOCELYN',1,'102','F','2005-08-11','HOHE050811MCHLRYA1',NULL),('200077','JIMENEZ','CHAVEZ','JESUSITA AIDALY',1,'102','F','2005-02-12','JICJ050212MCHMHSA3',NULL),('200078','MARTA','GALLEGOS','RUBEN OBED',1,'102','M','2005-02-04','MAGR050204HCHRLBA6',NULL),('200079','MARTINEZ','AVILEZ','CLAUDIA PALOMA',1,'102','F','2005-01-06','MAAC050106MCHRVLA1',NULL),('200080','MARTINEZ','BARRAZA','JANETH ESTRELLA',1,'102','F','2005-11-28','MABJ051128MCHRRNA0',NULL),('200081','MARTINEZ','GUILLEN','URIEL ALBERTO',1,'102','M','2005-05-10','MAGU050510HCHRLRA3',NULL),('200082','MEDRANO','VALLES','KARLA XIMENA',1,'102','F','2005-05-24','MEVK050524MMCDLRA3',NULL),('200083','MENDEZ','CHACON','CESAR ERVEY',1,'102','M','2005-08-03','MECC050803HCHNHSA2',NULL),('200084','MENDEZ','ROMERO','BIANCA ESTEFANIA',1,'102','F','2005-09-19','MERB050919MCHNMNA4',NULL),('200085','MEZA','GARCIA','HANNAH AYLIN',1,'102','F','2005-05-02','MEGH050502MCHZRNA4',NULL),('200086','PANTOJA','NAVA','MARTHA GUADALUPE',1,'102','F','2005-06-20','PANM050620MNENVRA5',NULL),('200087','PEREZ','ALVIDREZ','JUAN CARLOS',1,'102','M','2005-08-29','PEAJ050829HCHRLNA0',NULL),('200088','PEREZ','SALAS','DOMINIC',1,'102','M','2005-03-13','PESD050313HCHRLMA8',NULL),('200089','RODRIGUEZ','AGUILAR','DENISSE FERNANDA',1,'102','F','2005-01-30','ROAD050130MCHDGNA0',NULL),('200090','RODRIGUEZ','CHAVEZ','FIORELLA',1,'102','F','2004-11-26','ROCF041126MNEDHRA7',NULL),('200091','RODRIGUEZ','GUZMAN','JAZMIN ABRIL',1,'102','F','2005-04-01','ROGJ050401MCHDZZA3',NULL),('200092','RUBALCAVA','ALBARRAN','LESLY',1,'102','F','2005-10-06','RUAL051006MCHBLSA5',NULL),('200093','RUIZ','JIMENEZ','DANIELA YETZANARY',1,'102','F','2005-02-28','RUJD050228MCHZMNA2',NULL),('200094','SALDAĽA','GUZMAN','DIANA LAURA',1,'102','F','2005-04-26','SAGD050426MCHLZNA4',NULL),('200095','SAMANIEGO','CARRASCO','FATIMA ZULETH',1,'102','F','2005-10-23','SACF051023MCHMRTA3',NULL),('200096','VALLES','MARQUEZ','JULIETA ALEJANDRA',1,'102','F','2005-12-05','VAMJ051205MCHLRLA1',NULL),('200097','VIDACA','GUERRERO','KEVIN ALEJANDRO',1,'102','M','2005-04-19','VIGK050419HCHDRVA7',NULL),('200098','YAĽEZ','PAZ','DIEGO ALEXIS',1,'102','M','2005-11-03','YAPD051103HCHXZGA0',NULL),('200099','ABUD','MAR','LEILANY SUZETHo',1,'103','M','2005-11-25','AUML051125MNLBRvA0',NULL),('200100','ACEVES','DIAZ','MELISSA FERNANDA',1,'103','F','2005-04-30','AEDM050430MCHCZLA6',''),('200101','AGUIRRE','RUIZ','ANGEL ALBERTO',1,'103','M','2005-08-05','AURA050805HCHGZNA2',NULL),('200102','ALVAREZ','GONZALEZ','CAMILA',1,'103','F','2005-04-19','AAGC050419MCHLNMA9',NULL),('200103','ARELLANO','GUTIERREZ','IRIS FERNANDA',1,'103','F','2005-09-17','AEGI050917MCHRTRA3',NULL),('200104','ARMENDARIZ','PEDROZA','JORGE',1,'103','M','2005-09-10','AEPJ050910HCHRDRA9',NULL),('200105','AYALA','OLIVAS','ANGEL GABRIEL',1,'103','M','2005-08-01','AAOA050801HCHYLNA8',NULL),('200106','CABRAL','VILLA','PAMELA',1,'103','F','2005-01-05','CAVP050105MCHBLMA4',NULL),('200107','CARDENAS','RUIZ','ALISON FERNANDA',1,'103','F','2005-05-05','CARA050505MCHRZLA2',NULL),('200108','CARRASCO','CARNERO','JOSELINNE VALERIA',1,'103','F','2005-02-08','CACJ050208MCHRRSA7',NULL),('200109','CARRILLO','TARANGO','KIMBERLY',1,'103','F','2005-08-13','CATK050813MCHRRMA4',NULL),('200110','CASTRO','SALINAS','LUIS MARIO',1,'103','M','2005-09-12','CASL050912HCHSLSA5',NULL),('200111','CENTENO','MADRID','JENNIFER NAIKE',1,'103','F','2005-10-29','CEMJ051029MCHNDNA3',NULL),('200112','CHAVEZ','GUERRERO','MARCO SAUL',1,'103','M','2004-05-25','CAGM040525HCHHRRA3',NULL),('200113','CHAVIRA','MARQUEZ','FERNANDA DENISSE',1,'103','F','2005-07-02','CAMF050702MCHHRRA4',NULL),('200114','DE LA ROSA','REDE','IRVING MARTIN',1,'103','M','2005-07-14','RORI050714HCHSDRB0',NULL),('200115','ENRIQUEZ','CENDEJAS','SAULO HASSIEL',1,'103','M','2005-11-15','EICS051115HMNNNLA4',NULL),('200116','FERNANDEZ','MORALES','EVELYN',1,'103','F','2005-05-04','FEME050504MCHRRVA4',NULL),('200117','FLORES','TREJO','IRAIS ESTRELLA',1,'103','F','2005-07-05','FOTI050705MCHLRRA5',NULL),('200118','GARCIA','GARIBAY','GUILLERMO ARTURO',1,'103','M','2005-07-20','GAGG050720HCHRRLA7',NULL),('200119','GOMEZ','CERVANTES','PAUL ARMANDO',1,'103','M','2005-10-14','GOCP051014HCHMRLA5',NULL),('200120','GONZALEZ','CARRASCO','CARLOS SAUL',1,'103','M','2005-07-05','GOCC050705HCHNRRA5',NULL),('200121','HEREDIA','MONTES','ZULEMA',1,'103','F','2005-12-18','HEMZ051218MCHRNLA6',NULL),('200122','HERNANDEZ','ROMERO','CINDY YARELY',1,'103','F','2005-04-02','HERC050402MCHRMNA2',NULL),('200123','JAQUEZ','ROSALES','XIMENA YARESLY',1,'103','F','2005-08-20','JARX050820MCHQSMA8',NULL),('200124','JIMENEZ','MORALES','ANGELA CAROLINA',1,'103','F','2005-10-28','JIMA051028MCHMRNB6',NULL),('200125','JIMENEZ','SAENZ','LESLY',1,'103','F','2005-01-11','JISL050111MNEMNSA8',NULL),('200126','LEYVA','LARES','LUIS ALEJANDRO',1,'103','M','2005-06-01','LELL050601HCHYRSA7',NULL),('200127','LOPEZ','PEREZ','ANA JULIA',1,'103','F','2005-03-04','LOPA050304MCHPRNA4',NULL),('200128','LUJAN','CARO','SOFIA',1,'103','F','2005-12-13','LUCS051213MCHJRFA8',NULL),('200129','LUJAN','GONZALEZ','MARCIA ALEJANDRA',1,'103','F','2005-07-23','LUGM050723MCHJNRA7',NULL),('200130','LUNA','BURROLA','DIEGO',1,'103','M','2005-05-29','LUBD050529HCHNRGA6',NULL),('200131','MARTINEZ','ROSALES','DENISSE MARGARITA',1,'103','F','2003-09-25','MARD030925MCHRSNA1',NULL),('200132','MONTES','PEINADO','VALERIA EDITH',1,'103','F','2005-12-31','MOPV051231MCHNNLA3',NULL),('200133','OLIVAS','SOTO','KEVIN ADRIAN',1,'103','M','2005-09-12','OISK050912HCHLTVA5',NULL),('200134','ORNELAS','CORRAL','CAMILA',1,'103','F','2005-10-06','OECC051006MCHRRMA9',NULL),('200135','OSORIO','MENDOZA','ANA BELEN',1,'103','F','2005-04-23','OOMA050423MCHSNNA9',NULL),('200136','PORRAS','SILVA','JOEL GERARDO',1,'103','M','2005-01-02','POSJ050102HCHRLLA5',NULL),('200137','QUINTANA','HERNANDEZ','SOFIA IVONNE',1,'103','F','2005-01-01','QUHS050101MCHNRFA1',NULL),('200138','RETANA','TARANGO','VALERIA',1,'103','F','2005-10-08','RETV051008MCHTRLA2',NULL),('200139','REYES','MENESES','MIA ALEJANDRA',1,'103','F','2005-08-08','REMM050808MCHYNXA0',NULL),('200140','RIOS','ORTIZ','JOSE ANTONIO',1,'103','M','2005-03-05','RIOA050305HCHSRNA9',NULL),('200141','RODRIGUEZ','LOPEZ','SOFIA',1,'103','F','2005-02-15','ROLS050215MCHDPFA2',NULL),('200142','RODRIGUEZ','SIMENTAL','OMAR GAEL',1,'103','M','2005-09-05','ROSO050905HCHDMMA2',NULL),('200143','RUBIO','AGUIRRE','LILIANA SARAHI',1,'103','F','2005-02-07','RUAL050207MCHBGLA0',NULL),('200144','SALCIDO','MARTINEZ','LARISSA GUADALUPE',1,'103','F','2005-12-14','SAML051214MCHLRRA3',NULL),('200145','TARANGO','RAMOS','JOSE ROMAN',1,'103','M','2005-07-04','TARR050704HCHRMMA8',NULL),('200146','TREJO','ESTRADA','YAHIR FEDERICO',1,'103','M','2005-09-03','TEEY050903HCHRSHA3',NULL),('200147','ZUBIA','FIERRO','DIANA BERENICE',1,'103','F','2005-03-09','ZUFD050309MCHBRNA3',NULL),('200148','AISPURO','MARTINEZ','VALERIA',1,'104','F','2005-04-04','AIMV050404MCHSRLA5',NULL),('200149','ARENIVAR','FRANCO','PABLO EMMANUEL',1,'104','M','2005-07-31','AEFP050731HCHRRBA4',NULL),('200150','ARRIAGA','GRANADOS','KARLA GISEL',1,'104','F','2005-12-08','AIGK051208MCHRRRA9',NULL),('200151','CAMPOS','OSORIO','AXEL LEONARDO',1,'104','M','2005-11-19','CAOA051119HCHMSXA5',NULL),('200152','CARRILLO','COVARRUBIAS','LUCERO MADAHI',1,'104','F','2005-10-01','CACL051001MCHRVCA5',NULL),('200153','CAZARES','CHAVIRA','FERNANDO ESTEBAN',1,'104','M','2005-11-15','CACF051115HCHZHRA0',NULL),('200154','CHACON','VEGA','DENNISE',1,'104','F','2005-03-27','CAVD050327MCHHGNA6',NULL),('200155','DEHERAS','MEDINA','ALAN',1,'104','M','2005-09-28','DEMA050928HCHHDLA8',NULL),('200156','ESQUIVEL','MADRID','MANUEL ASAF',1,'104','M','2005-04-27','EUMM050427HCHSDNA9',NULL),('200157','FORTANEL','MAYNEZ','CITLALY ITZEL',1,'104','F','2005-01-07','FOMC050107MCHRYTA2',NULL),('200158','GARCIA','RUBIO','JONATHAN MANUEL',1,'104','M','2005-09-15','GARJ050915HCHRBNA5',NULL),('200159','GOMEZ','GUTIERREZ','YARETZI DESSIRETH',1,'104','F','2005-08-26','GOGY050826MCHMTRA3',NULL),('200160','GUILLEN','SIGALA','NATAN ISAI',1,'104','M','2005-06-13','GUSN050613HCHLGTA7',NULL),('200161','HERNANDEZ','CORRALES','JOSUE',1,'104','M','2005-11-14','HECJ051114HCHRRSA4',NULL),('200162','HERRERA','REYES','ANA CRISTINA',1,'104','F','2005-08-17','HERA050817MCHRYNA1',NULL),('200163','HOLGUIN','FLORES','RUBI SOLEDAD',1,'104','F','2005-03-18','HOFR050318MCHLLBA5',NULL),('200164','IBAĽEZ','FIERRO','ALEXANDRO JADYR',1,'104','M','2005-04-12','IAFA050412HCHBRLA7',NULL),('200165','JAQUEZ','RAMOS','ANGEL DAVID',1,'104','M','2005-08-18','JARA050818HCHQMNA1',NULL),('200166','LOPEZ','GUTIERREZ','KIMBERLY JENNIFER',1,'104','F','2005-11-21','LOGK051121MCHPTMA6',NULL),('200167','MARTINEZ','BURROLA','EVELYN PRISCILA',1,'104','F','2005-03-20','MABE050320MCHRRVA0',NULL),('200168','MARTINEZ','CORDOVA','ALONDRA ALEXA',1,'104','F','2005-01-05','MACA050105MCHRRLA4',NULL),('200169','MORENO','NIEVES','ANA KAREN',1,'104','F','2005-05-09','MONA050509MCHRVNA1',NULL),('200170','NUĽEZ','ANDAVAZO','AUDREY VANESSA',1,'104','F','2005-02-08','NUAA050208MCHXNDA7',NULL),('200171','OCHOA','OLAGUE','ELIZABETH',1,'104','F','2005-08-20','OOOE050820MCHCLLA3',NULL),('200172','OROZCO','RODRIGUEZ','ALEXA JAMILETH',1,'104','F','2005-12-01','OORA051201MCHRDLA2',NULL),('200173','ORTEGA','MARTINEZ','JAZMIN CYRENE',1,'104','F','2005-02-20','OEMJ050220MCHRRZA6',NULL),('200174','ORTIZ','DE ANDA','FLOR ITZEL',1,'104','F','2005-07-02','OIAF050702MCHRNLA2',NULL),('200175','PALOMAR','CALVILLO','ABRIL',1,'104','F','2005-07-01','PACA050701MCHLLBA5',NULL),('200176','QUIROZ','ORTIZ','CELINA',1,'104','F','2005-12-01','QUOC051201MCHRRLA2',NULL),('200177','RAMOS','LOPEZ','CARLOS ANDRES',1,'104','M','2005-02-03','RALC050203HCHMPRA6',NULL),('200178','RAMOS','SANCHEZ','CESAR ELIU',1,'104','M','2005-06-03','RASC050603HCHMNSA3',NULL),('200179','RASCON','GARCIA','EDITH PATRICIA',1,'104','F','2005-03-17','RAGE050317MCHSRDA1',NULL),('200180','REDE','REDE','ARIADNA',1,'104','F','2005-10-11','RERA051011MCHDDRA1',NULL),('200181','REZA','GARCIA','EBER OSVALDO',1,'104','M','2005-02-18','REGE050218HCHZRBA6',NULL),('200182','RODRIGUEZ','CARRASCO','MARLENNE',1,'104','F','2005-08-30','ROCM050830MCHDRRA3',NULL),('200183','RODRIGUEZ','TELLAECHE','VANIA PAMELA',1,'104','F','2005-06-10','ROTV050610MCHDLNA0',NULL),('200184','ROJAS','RUIZ','MARISOL',1,'104','F','2005-01-24','RORM050124MCHJZRA6',NULL),('200185','RUBIO','MOTA','DIEGO ALEXIS',1,'104','M','2005-12-01','RUMD051201HCHBTGA9',NULL),('200186','SAENZ','GUERRERO','ALEXA BELINDA',1,'104','F','2005-08-10','SAGA050810MCHNRLA7',NULL),('200187','SALCIDO','MAGALLANES','VANESA',1,'104','F','2005-05-01','SAMV050501MCHLGNA7',NULL),('200188','SANDOVAL','LERMA','EVELYN',1,'104','F','2005-10-05','SALE051005MCHNRVA5',NULL),('200189','SAUCEDO','SIGALA','LUIS ALFREDO',1,'104','M','2005-04-18','SASL050418HCHCGSA5',NULL),('200190','SERNA','MENDEZ','ALEXA PAOLA',1,'104','F','2005-03-01','SEMA050301MCHRNLA4',NULL),('200191','SERNA','SOLIS','GAEL JOSEF',1,'104','M','2005-07-03','SESG050703HCHRLLA8',NULL),('200192','SILVA','SARABIA','ALEXANDER LEOPOLDO',1,'104','M','2005-11-13','SISA051113HCHLRLA1',NULL),('200193','TORRES','MORENO','EDGAR ERNESTO',1,'104','M','2005-03-02','TOME050302HCHRRDA4',NULL),('200194','TREJO','SALAZAR','RUBY',1,'104','F','2005-03-26','TESR050326MCHRLBA7',NULL),('200195','VALDIVIEZO','MORALES','EMILY VANESSA',1,'104','F','2005-10-06','VAME051006MCHLRMA6',NULL),('200196','VILLA','AGUIRRE','NATALIA',1,'104','F','2005-06-13','VIAN050613MCHLGTA4',NULL),('200197','AREVALO','ROMERO','JAZMIN ALEJANDRA',1,'105','F','2005-03-01','AERJ050301MCHRMZA4',NULL),('200198','ARMENDARIZ','MARTINEZ','ROBERTO',1,'105','M','2005-04-16','AEMR050416HCHRRBA0',NULL),('200199','CABALLERO','CHACON','ESTEBAN',1,'105','M','2005-02-10','CACE050210HCHBHSA3',NULL),('200200','CARDONA','GOMEZ','NANCY YAQUELINE',1,'105','F','2005-09-15','CAGN050915MCHRMNA5',NULL),('200201','CARRASCO','MARQUEZ','ELIZA BERENICE',1,'105','F','2005-08-25','CAME050825MCHRRLA7',NULL),('200202','CASTILLO','RUBIO','ALEXA',1,'105','F','2005-02-07','CARA050207MCHSBLA2',NULL),('200203','CEBALLOS','BRACAMONTES','ITZY VALERIA',1,'105','F','2005-09-12','CEBI050912MCHBRTA9',NULL),('200204','CHACON','ALVIDREZ','JOAN POLET',1,'105','F','2005-02-25','CAAJ050225MCHHLNA7',NULL),('200205','CHACON','SANCHEZ','PERLA CITLALI',1,'105','F','2005-08-04','CASP050804MCHHNRA8',NULL),('200206','CHAVEZ','IBARRA','YOHANA MICHELLE',1,'105','F','2005-08-17','CAIY050817MCHHBHA3',NULL),('200207','COTA','HERNANDEZ','STEPHANY ALEXA',1,'105','F','2005-02-19','COHS050219MNETRTA1',NULL),('200208','DIAZ','VILLEGAS','DAYRA ANEL',1,'105','F','2005-07-07','DIVD050707MCHZLYA7',NULL),('200209','DURON','HERRERA','MANUEL ALEJANDRO',1,'105','M','2005-11-07','DUHM051107HCHRRNA3',NULL),('200210','ESCOBAR','ZAMARRON','JANETH STEPHANY',1,'105','F','2005-04-20','EOZJ050420MCHSMNA9',NULL),('200211','ESPINOZA','TORRES','MIGUEL ALEJANDRO',1,'105','M','2005-06-03','EITM050603HCHSRGA7',NULL),('200212','FLORES','GUZMAN','KEVIN ALEJANDRO',1,'105','M','2005-06-04','FOGK050604HCHLZVA5',NULL),('200213','GARCIA','IBARRA','BREEZANEA',1,'105','F','2005-11-16','GAIB051116MCHRBRA7',NULL),('200214','GARCIA','RIOS','YOANEM',1,'105','M','2005-02-02','GARY050202HCHRSNA7',NULL),('200215','GUTIERREZ','LEON','JENIFER ABRIL',1,'105','F','2005-10-10','GULJ051010MCHTNNA4',NULL),('200216','HEREDIA','MIRANDA','IRAM ALEJANDRO',1,'105','M','2005-01-10','HEMI050110HCHRRRA0',NULL),('200217','HERNANDEZ','AGUIRRE','SERGIO EMILIO',1,'105','M','2005-09-21','HEAS050921HCHRGRA8',NULL),('200218','HERNANDEZ','PARGAS','KARLA',1,'105','F','2005-01-05','HEPK050105MCHRRRA1',NULL),('200219','IBARRA','CHAIREZ','MELISSA',1,'105','F','2005-07-31','IACM050731MCHBHLA5',NULL),('200220','LOPEZ','GONZALEZ','BRAYANT HUMBERTO',1,'105','M','2005-04-19','LOGB050419HNEPNR',NULL),('200221','LOPEZ','ROCHA','JORGE',1,'105','M','2005-10-06','LORJ051006HCHPCRA9',NULL),('200222','LOPEZ','SAENZ','REGINA',1,'105','F','2005-07-15','LOSR050715MCHPNGA4',NULL),('200223','LOPEZ','VALADEZ','GILBERTO',1,'105','M','2005-02-07','LOVG050207HCHPLLA6',NULL),('200224','MARTINEZ','MELENDEZ','OMAR ELI',1,'105','M','2005-12-13','MXMO051213HCHRLMA1',NULL),('200225','MILLAN','GOMEZ','ABRIL YAMILE',1,'105','F','2005-04-17','MIGA050417MCHLMBA2',NULL),('200226','MONTES','NUĽEZ','ANGEL SEBASTIAN',1,'105','M','2005-09-24','MONA050924HCHNXNA9',NULL),('200227','MONTOYA','SIERRA','LILIANA FERNANDA',1,'105','F','2005-07-20','MOSL050720MNENRLA7',NULL),('200228','NEVAREZ','DURAN','JERALDIN',1,'105','F','2005-06-25','NEDJ050625MNEVRRA2',NULL),('200229','ORONA','NEVAREZ','ERICK EDUARDO',1,'105','M','2005-05-13','OONE050513HCHRVRA6',NULL),('200230','ORTIZ','JONATHAN','ANDRES',1,'105','M','2005-09-24','OIXJ050924HNERXNA9',NULL),('200231','PEDROZA','VALENZUELA','SAMANTHA',1,'105','F','2005-08-31','PEVS050831MCHDLMA8',NULL),('200232','PESSINA','MARTINEZ','ANA AURORA',1,'105','F','2005-03-05','PEMA050305MCHSRNA1',NULL),('200233','QUIROZ','HERRERA','CLAUDIA NAYELI',1,'105','F','2005-11-23','QUHC051123MCHRRLA3',NULL),('200234','RAMIREZ','MEDRANO','IRMA DILERY',1,'105','F','2005-11-01','RAMI051101MCHMDRA9',NULL),('200235','RAMIREZ','SALAS','ESTRELLA',1,'105','F','2005-01-26','RASE050126MCHMLSA9',NULL),('200236','REGALADO','BELTRAN','DIANA YAZMIN',1,'105','F','2005-04-02','REBD050402MCHGLNA5',NULL),('200237','REYES','GAMBOA','KAREN ITZEL',1,'105','F','2005-02-23','REGK050223MCHYMRA9',NULL),('200238','ROMAN','RIVERA','DANNA IVONNE',1,'105','F','2005-08-30','RORD050830MCHMVNA6',NULL),('200239','RUBIO','FLORES','ANA CAMILA',1,'105','F','2005-12-02','RUFA051202MCHBLNA2',NULL),('200240','SAENZ','BERMUDEZ','ALANNA GUADALUPE',1,'105','F','2005-02-11','SABA050211MCHNRLA4',NULL),('200241','SALAS','NIETO','DIEGO',1,'105','M','2005-02-02','SAND050202HCHLTGA5',NULL),('200242','SANCHEZ','AVITIA','LUNA YATZIRY',1,'105','F','2005-05-17','SAAL050517MCHNVNA6',NULL),('200243','SIFUENTES','LEDEZMA','IRVING',1,'105','M','2005-09-13','SILI050913HCHFDRA2',NULL),('200244','SILVA','PEREZ','YAMILETH',1,'105','F','2005-12-10','SIPY051210MCHLRMA7',NULL),('200245','VAZQUEZ','MORALES','NICOL CELINA',1,'105','F','2005-12-06','VAMN051206MCHZRCA4',NULL),('200246','AVILA','CORDOBA','ALEXIS',1,'131','M','2005-05-08','AICA050508HCHVRLA3',NULL),('200247','BAEZA','RAMIREZ','JULIO CESAR',1,'131','M','2005-08-27','BARJ050827HCHZMLA0',NULL),('200248','CARREON','RODRIGUEZ','ERICK PAUL',1,'131','M','2005-07-20','CARE050720HCHRDRA6',NULL),('200249','CERVANTES','JUAREZ','BRIAN IAN',1,'131','M','2005-11-11','CEJB051111HCHRRRA2',NULL),('200250','CERVANTES','SANCHEZ','KARLA DENISSE',1,'131','F','2005-04-04','CESK050404MCHRNRA9',NULL),('200251','CORONADO','JAVIER','ANGEL',1,'131','M','2004-02-03','CXJA040203HCHRVNA2',NULL),('200252','CORONADO','PEREZ','DANA MICHELLE',1,'131','F','2005-01-11','COPD050111MCHRRNA0',NULL),('200253','DE LA TORRE','CAMPOS','RAUL HIRAM',1,'131','M','2005-02-12','TOCR050212HCHRMLA5',NULL),('200254','DIAZ','OCHOA','EVELIN LETICIA',1,'131','F','2005-10-10','DIOE051010MCHZCVA7',NULL),('200255','DIAZ','QUIĽONES','ENRIQUE',1,'131','M','2005-04-06','DIQE050406HCHZXNA8',NULL),('200256','DUARTE','PAREDES','ALISON PRISCILA',1,'131','F','2005-12-19','DUPA051219MCHRRLA6',NULL),('200257','FLORES','FIGUEROA','LARISSA VALERIA',1,'131','F','2005-10-01','FOFL051001MCHLGRA9',NULL),('200258','FLORES','PEREZ','GERARDO ERNESTO',1,'131','M','2004-04-12','FOPG040412HCHLRRA2',NULL),('200259','GARCIA','ORTEGA','SILVIA PALOMA',1,'131','F','2005-08-30','GAOS050830MCHRRLA7',NULL),('200260','GONZALEZ','ESPINO','JESUS IRAM',1,'131','M','2005-06-04','GOEJ050604HCHNSSA1',NULL),('200261','GONZALEZ','GARAY','DIANA MICHELLE',1,'131','F','2005-11-06','GOGD051106MCHNRNA6',NULL),('200262','GUERRERO','VARGAS','ALONDRA ITZEL',1,'131','F','2005-05-07','GUVA050507MCHRRLA3',NULL),('200263','GUTIERREZ','TALAMANTES','MARIANA CELESTE',1,'131','F','2005-03-15','GUTM050315MCHTLRA2',NULL),('200264','GUTIERREZ','TURRUBIATES','URIEL DANIEL',1,'131','M','2004-07-20','GUTU040720HCHTRRA3',NULL),('200265','HERNANDEZ','DE SANTIAGO','ANGEL GABRIEL',1,'131','M','2005-09-29','HESA050929HCHRNNA4',NULL),('200266','HERNANDEZ','LOPEZ','CINTHIA',1,'131','F','2005-05-24','HELC050524MCHRPNA9',NULL),('200267','HERNANDEZ','TORRES','EVELYN FERNANDA',1,'131','F','2005-06-13','HETE050613MCHRRVA8',NULL),('200268','HERNANDEZ','VILLALOBOS','LUIS EDUARDO',1,'131','M','2005-11-18','HEVL051118HCHRLSA6',NULL),('200269','HERRERA','VALENZUELA','LUIS ALBERTO',1,'131','M','2005-01-12','HEVL050112HCHRLSA2',NULL),('200270','LARA','VILLALOBOS','JAQUELINE',1,'131','F','2005-09-12','LAVJ050912MCHRLQA6',NULL),('200271','MENDEZ','GUERRERO','GABRIEL',1,'131','M','2003-10-01','MEGG031001HCHNRBA8',NULL),('200272','MONTOYA','CARDENAS','SOFIA MELISSA',1,'131','F','2005-11-16','MOCS051116MCHNRFA6',NULL),('200273','MONTOYA','REYES','DIANA LIZETH',1,'131','F','2005-07-23','MORD050723MCHNYNB9',NULL),('200274','NAJERA','CASAS','LUIS JAVIER',1,'131','M','2005-07-30','NACL050730HCHJSSA7',NULL),('200275','NAJERA','CASAS','VALERIA ALEJANDRA',1,'131','F','2005-07-30','NACV050730MCHJSLA6',NULL),('200276','NUĽEZ','LEOS','ANDREA PAOLA',1,'131','F','2005-08-09','NULA050809MCHXSNA2',NULL),('200277','ONTIVEROS','TRUJILLO','ANDREA ITZEL',1,'131','F','2005-04-16','OITA050416MCHNRNA3',NULL),('200278','ORTEGA','BENAVIDES','ARELI CAROLINA',1,'131','F','2005-08-19','OEBA050819MCHRNRA4',NULL),('200279','PIMENTEL','CHARLES','IVANNA GABRIELA',1,'131','F','2005-06-29','PICI050629MCHMHVA6',NULL),('200280','QUEZADA','AMPARAN','MARIEL SOFIA',1,'131','F','2005-11-16','QUAM051116MCHZMRA1',NULL),('200281','RENTERIA','FLORES','ITZEL ANAIS',1,'131','F','2005-07-25','REFI050725MCHNLTA0',NULL),('200282','REYES','ALCANTAR','GABRIEL',1,'131','M','2005-06-25','REAG050625HCHYLBA8',NULL),('200283','SALAIS','GARDEA','MARIA JOSE',1,'131','F','2005-05-17','SAGJ050517MCHLRSA8',NULL),('200284','SOLTERO','RODARTE','ELIER DANIEL',1,'131','M','2005-09-04','SORE050904HCHLDLA3',NULL),('200285','TALAMANTES','MARTINEZ','MARIA FERNANDA',1,'131','F','2005-12-19','TAMF051219MCHLRRA0',NULL),('200286','TORRES','ARAIZA','MANUEL SEBASTIAN',1,'131','M','2005-06-22','TOAM050622HCHRRNA3',NULL),('200287','TORRES','SEPULVEDA','JOSE JESUS',1,'131','M','2005-03-22','TOSJ050322HCHRPSA7',NULL),('200288','TRINIDAD','SAENZ','LAURA YANET',1,'131','F','2005-09-09','TISL050909MCHRNRA2',NULL),('200289','VALENZUELA','GIL DE ARANA','SOPHY LUCIA',1,'131','F','2005-11-09','VAGS051109MCHLLPA5',NULL),('200290','VALLADARES','GINER','LITZY VANESA',1,'131','F','2004-05-07','VAGL040507MCHLNTA4',NULL),('200291','VALLES','ORTIZ','VIRIDIANA',1,'131','F','2005-02-15','VAOV050215MCHLRRA9',NULL),('200292','VELAZQUEZ','FLORES','DANIELA',1,'131','F','2005-07-20','VEFD050720MCHLLNA9',NULL),('200293','ZAMARRON','PALACIOS','CAMILA',1,'131','F','2005-11-18','ZAPC051118MCHMLMA4',NULL),('200294','ACOSTA','BARRAZA','CINDY AMERICA',1,'132','F','2005-11-14','AOBC051114MCHCRNA2',NULL),('200295','ARMENDARIZ','PIĽA','DIEGO',1,'132','M','2005-11-22','AEPD051122HNERXGA0',NULL),('200296','ARREDONDO','ZAPATA','VANESSA BERENICE',1,'132','F','2005-05-12','AEZV050512MCHRPNA3',NULL),('200297','BURROLA','PONCE','LUIS',1,'132','M','2005-05-30','BUPL050530HCHRNSA3',NULL),('200298','CONTRERAS','MORALES','ADAIA VALERIA',1,'132','F','2005-02-02','COMA050202MCHNRDA4',NULL),('200299','CONTRERAS','MORALES','ANA LIDIA',1,'132','F','2005-02-02','COMA050202MCHNRNA4',NULL),('200300','DE LA ROSA','MARQUEZ','LORENZO HUZIEL',1,'132','M','2005-09-29','ROML050929HCHSRRA6',NULL),('200301','DELGADO','HERNANDEZ','ANDREA',1,'132','F','2005-05-30','DEHA050530MCLLRNA4',NULL),('200302','DURAN','BUENO','DANA SOFIA',1,'132','F','2005-06-28','DUBD050628MCHRNNA2',NULL),('200303','DURAN','BUENO','PAOLA VIRGINIA',1,'132','F','2004-08-28','DUBP040828MCHRNLA4',NULL),('200304','ESPARZA','FILETO','PRISCILA',1,'132','F','2005-06-12','EAFP050612MCHSLRA4',NULL),('200305','ESTRADA','CORRALES','VICTOR ERICK',1,'132','M','2005-06-26','EACV050626HCHSRCA6',NULL),('200306','FERNANDEZ','BORREGO','LIZETH ANNARY',1,'132','F','2005-01-31','FEBL050131MCHRRZA4',NULL),('200307','FLORES','RODRIGUEZ','KATHERINE YESENIA',1,'132','F','2005-12-10','FORK051210MCHLDTA9',NULL),('200308','GARCIA','SILVA','KAREN YURIDIA',1,'132','F','2005-06-07','GASK050607MCHRLRA4',NULL),('200309','HERNANDEZ','PAYAN','EVELYN SOFIA',1,'132','F','2005-08-20','HEPE050820MCHRYVA9',NULL),('200310','HERRERA','RUIZ','LUIS JAVIER',1,'132','M','2005-10-16','HERL051016HCHRZSA9',NULL),('200311','JACQUEZ','MIRELES','ESTEFANY',1,'132','F','2005-09-21','JAME050921MCHCRSA2',NULL),('200312','JAIME','ESTRADA','EDGAR GAEL',1,'132','M','2005-11-01','JAEE051101HCHMSDA0',NULL),('200313','LOPEZ','MARTINEZ','DILAN RODOLFO',1,'132','M','2005-11-29','LOMD051129HCHPRLA4',NULL),('200314','MARTINEZ','NAVA','LUIS BRANDON',1,'132','M','2005-05-20','MANL050520HCHRVSA4',NULL),('200315','MARTINEZ','PORRAS','CITLALY',1,'132','F','2005-04-18','MAPC050418MCHRRTA3',NULL),('200316','MELENDEZ','GUTIERREZ','YOSELYN',1,'132','F','2005-07-03','MEGY050703MCHLTSA2',NULL),('200317','MEZA','BERNAL','ALAY ENRIQUE',1,'132','M','2005-05-04','MEBA050504HCHZRLA7',NULL),('200318','MEZA','CASTRO','DIANA LAURA',1,'132','F','2005-04-30','MECD050430MCHZSNA3',NULL),('200319','MIMBELA','HOLGUIN','KATHY NICOLE',1,'132','F','2005-07-09','MIHK050709MCHMLTA7',NULL),('200320','MORA','MEDRANO','KAROL ANAEL',1,'132','F','2005-08-26','MOMK050826MCHRDRA2',NULL),('200321','ORTA','CHAVERO','DULCE MARIA',1,'132','F','2005-11-30','OACD051130MCHRHLA2',NULL),('200322','ORTEGA','MEDINA','SHERLYN ALESSANDRA',1,'132','F','2005-11-23','OEMS051123MCHRDHA5',NULL),('200323','RAMIREZ','CARDENAS','ARELY BERENICE',1,'132','F','2005-08-20','RACA050820MCHMRRA3',NULL),('200324','RAMIREZ','RODRIGUEZ','MARIA FERNANDA',1,'132','F','2005-06-23','RARF050623MCHMDRA7',NULL),('200325','RODRIGUEZ','PIĽON','JAVIER',1,'132','M','2005-05-05','ROPJ050505HCHDXVA6',NULL),('200326','RODRIGUEZ','RODRIGUEZ','NAYELI',1,'132','F','2003-07-13','RORN030713MCHDDYA1',NULL),('200327','SAENZ','RODRIGUEZ','MIA JAICEL',1,'132','F','2005-07-21','SARM050721MCHNDXA8',NULL),('200328','SENA','POLANCO','EMILIO',1,'132','M','2005-10-16','SEPE051016HCHNLMA6',NULL),('200329','SIGALA','TAGLE','GRECIA VALERIA',1,'132','F','2005-09-23','SITG050923MCHGGRA1',NULL),('200330','TALAMANTES','LUJAN','AQUILES EDUARDO',1,'132','M','2005-02-01','TALA050201HCHLJQA4',NULL),('200331','TALAVERA','MONTOYA','NESTOR EMILIO',1,'132','M','2005-12-18','TAMN051218HCHLNSA6',NULL),('200332','TORRES','JUAREZ','PAMELA',1,'132','F','2005-04-02','TOJP050402MCHRRMA4',NULL),('200333','TORRES','RAMIREZ','DAVID EDUARDO',1,'132','M','2004-01-09','TORD040109HCHRMVA2',NULL),('200334','TORRES','SOLIS','LUIS MANUEL',1,'132','M','2005-10-13','TOSL051013HCHRLSA9',NULL),('200335','TURRUBIATES','GUERRERO','ARACELY',1,'132','F','2005-04-30','TUGA050430MCHRRRA0',NULL),('200336','URIBE','DELGADO','ISAAC ABRAHAM',1,'132','M','2005-01-02','UIDI050102HCHRLSA1',NULL),('200337','VALERIANO','MELERO','ANDREA ABRIL',1,'132','F','2005-06-13','VAMA050613MCHLLNA4',NULL),('200338','VALVERDE','HERNANDEZ','CARLOS USIEL',1,'132','M','2004-07-26','VAHC040726HCHLRRA6',NULL),('200339','VEGA','ZAVALA','DAIRA FERNANDA',1,'132','F','2005-09-02','VEZD050902MCHGVRA9',NULL),('200340','VILLALOBOS','OROZCO','ERICK SAMUEL',1,'132','M','2005-10-08','VIOE051008HCHLRRA6',NULL),('200341','VILLANUEVA','DURAN','CRISTIAN ABRAHAM',1,'132','M','2005-09-04','VIDC050904HCHLRRA7',NULL),('200342','ZAMARRIPA','CHAVEZ','ALEJANDRO',1,'132','M','2005-10-13','ZACA051013HCHMHLA3',NULL),('200343','ALVIDREZ','MENDOZA','ALESSANDRA',1,'133','F','2005-11-01','AIMA051101MCHLNLA3',NULL),('200344','ANZURES','GALLEGOS','LISSANIA',1,'133','F','2005-11-18','AUGL051118MCHNLSA4',NULL),('200345','CASTILLO','CORONADO','EVELYN',1,'133','F','2005-10-19','CACE051019MCHSRVA9',NULL),('200346','CASTILLO','JUAREZ','ANDREA FABIOLA',1,'133','F','2005-02-21','CAJA050221MCHSRNA6',NULL),('200347','CASTRO','RUIZ','DANNA PAOLA',1,'133','F','2005-12-31','CARD051231MCHSZNA3',NULL),('200348','CHACON','LOPEZ','DIEGO ALEJANDRO',1,'133','M','2005-08-17','CALD050817HCHHPGA8',NULL),('200349','DE LEON','HERNANDEZ','JOEL AARON',1,'133','M','2005-08-09','LEHJ050809HCHNRLA1',NULL),('200350','DIAZ','VALADEZ','MELISSA',1,'133','F','2005-09-09','DIVM050909MCHZLLA4',NULL),('200351','DURAN','MERCADO','JOHANA',1,'133','F','2005-04-23','DUMJ050423MCHRRHA1',NULL),('200352','ENRIQUEZ','ARANDA','EMIR ISRAEL',1,'133','M','2005-06-03','EIAE050603HCHNRMA9',NULL),('200353','ESPINOZA','RUIZ','DAFNE FERNANDA',1,'133','F','2004-12-15','EIRD041215MCHSZFA2',NULL),('200354','GARCIA','OLIVAS','NYRHEL',1,'133','F','2005-12-06','GAON051206MCHRLYA3',NULL),('200355','GARCIA','RICO','KENIA',1,'133','F','2005-06-22','GARK050622MCHRCNA6',NULL),('200356','GARCIA','SANCHEZ','VALERIA',1,'133','F','2005-01-27','GASV050127MCHRNLA2',NULL),('200357','GOMEZ','ALMANZA','YAMIL',1,'133','M','2005-01-01','GOAY050101HCHMLMA5',NULL),('200358','GUILLEN','PERALTA','ALAN FERNANDO',1,'133','M','2005-06-04','GUPA050604HCHLRLA0',NULL),('200359','GURROLA','MEXICANO','AILYNNE PRISCILA',1,'133','F','2005-02-07','GUMA050207MCHRXLA2',NULL),('200360','GUZMAN','ACOSTA','MAGALY',1,'133','F','2005-11-26','GUAM051126MCHZCGA5',NULL),('200361','IBARRA','PIZARRO','SARAH',1,'133','F','2005-10-26','IAPS051026MCHBZRA9',NULL),('200362','JIMENEZ','ESPINOZA','LLUVIA SOFIA',1,'133','F','2005-05-05','JIEL050505MCHMSLA7',NULL),('200363','JIMENEZ','MONTES','JONATHAN',1,'133','M','2005-10-10','JIMJ051010HCHMNNA5',NULL),('200364','JUAREZ','MORENO','BRAYAN AARON',1,'133','M','2005-09-02','JUMB050902HCHRRRA4',NULL),('200365','LARA','GONZALEZ','JARED ABRIL',1,'133','F','2005-04-16','LAGJ050416MCHRNRA0',NULL),('200366','LOPEZ','VAZQUEZ','JUAN ESTEBAN',1,'133','M','2005-11-25','LOVJ051125HCHPSNA0',NULL),('200367','LOZANO','MONTES','NADIA KARIME',1,'133','F','2005-11-25','LOMN051125MCHZNDA4',NULL),('200368','MADRIGAL','HERNANDEZ','JANETH ISELA',1,'133','F','2005-03-21','MAHJ050321MCHDRNA2',NULL),('200369','MATA','NEVAREZ','MARIBEL',1,'133','F','2005-08-08','MANM050808MCHTVRA7',NULL),('200370','MENDOZA','ARIAS','KEVIN JOVANY',1,'133','M','2005-12-20','MEAK051220HCHNRVA2',NULL),('200371','MONJE','GARCIA','JOSE IVAN',1,'133','M','2005-10-03','MOGI051003HCHNRVA4',NULL),('200372','MORALES','SANCHEZ','JAZMIN',1,'133','F','2005-11-29','MOSJ051129MCHRNZA9',NULL),('200373','NAJERA','LUJAN','LUISA FERNANDA',1,'133','F','2005-03-09','NALL050309MCHJJSA6',NULL),('200374','ORTIZ','MONTOYA','CESAR EMILIO',1,'133','M','2005-11-09','OIMC051109HCHRNSA2',NULL),('200375','PEREZ','CARNERO','SEBASTIAN',1,'133','M','2005-06-16','PECS050616HCHRRBA5',NULL),('200376','PULIDO','ESCAJEDA','ADILENE GUADALUPE',1,'133','F','2005-12-04','PUEA051204MCHLSDA4',NULL),('200377','RODRIGUEZ','CHAVIRA','LUIS ANGEL',1,'133','M','2003-09-17','ROCL030917HCHDHSA1',NULL),('200378','RODRIGUEZ','GONZALEZ','ANGELA PAOLA',1,'133','F','2005-06-08','ROGA050608MCHDNNA4',NULL),('200379','ROJAS','TREJO','RODOLFO',1,'133','M','2005-07-21','ROTR050721HCHJRDA2',NULL),('200380','SAENZ','CASTREJON','KEVIN AVIEL',1,'133','M','2005-01-11','SACK050111HCHNSVA2',NULL),('200381','SANCHEZ','MARTINEZ','MARIA DE LA LUZ',1,'133','F','2005-02-24','SAML050224MCHNRZA1',NULL),('200382','SANCHEZ','PONCE','ANGELA CAMILA',1,'133','F','2005-01-11','SAPA050111MCHNNNA9',NULL),('200383','TORRES','GALINDO','SADHER ISAAC',1,'133','M','2005-03-06','TOGS050306HCHRLDA7',NULL),('200384','TRILLO','CALDERON','SAMANTHA RUBY',1,'133','F','2005-04-07','TICS050407MCHRLMA3',NULL),('200385','VALDIVIEZO','RAMIREZ','MINIA',1,'133','F','2005-09-07','VARM050907MCHLMNA5',NULL),('200386','VEGA','ARZOLA','ANDREA',1,'133','F','2005-02-10','VEAA050210MCHGRNA6',NULL),('200387','VELAZQUEZ','HERMOSILLO','PAULINA',1,'133','F','2005-02-21','VEHP050221MCHLRLA6',NULL),('200388','VELAZQUEZ','MANCINAS','VALERIA ANAHI',1,'133','F','2005-11-06','VEMV051106MCHLNLA0',NULL),('200389','VELAZQUEZ','MENDOZA','KARLA ITZEL',1,'133','F','2005-07-07','VEMK050707MCHLNRA6',NULL),('200390','VILLA','SANCHEZ','FERNANDO ARTURO',1,'133','M','2004-11-08','VISF041108HCHLNRA9',NULL),('200391','ACEVEDO','MEDRANO','GRICEL PATRICIA',1,'134','F','2005-05-31','AEMG050531MCHCDRA3',NULL),('200392','ADAME','ZUBIA','JENIFER ANDREA',1,'134','F','2005-04-06','AAZJ050406MCHDBNA6',NULL),('200393','AGUILAR','SANCHEZ','JORGE LUIS',1,'134','M','2005-09-19','AUSJ050919HCHGNRA1',NULL),('200394','ALVARADO','MELENDEZ','JESUS ANTONIO',1,'134','M','2005-01-17','AAMJ050117HCHLLSA6',NULL),('200395','ALVIDREZ','MADRIGAL','DARIANA CITLALY',1,'134','F','2004-10-08','AIMD041008MCHLDRA8',NULL),('200396','ARAIZA','ESCAJEDA','PRISCILA',1,'134','F','2005-03-22','AAEP050322MCHRSRA8',NULL),('200397','CABRERA','HERNANDEZ','WENDY SARAHI',1,'134','F','2005-02-26','CAHW050226MCHBRNA8',NULL),('200398','CARRASCO','GUILLEN','ALEXIS',1,'134','M','2005-10-08','CXGA051008HCHRLLA2',NULL),('200399','CARRERA','VARGAS','AILYN HATZYRY',1,'134','F','2005-12-09','CAVA051209MCHRRLA5',NULL),('200400','CARRILLO','REYES','DANNA PAULA',1,'134','F','2005-07-08','CARD050708MCHRYNA6',NULL),('200401','CERVANTES','AGUILERA','JAVIER ORLANDO',1,'134','M','2005-07-11','CEAJ050711HCHRGVA8',NULL),('200402','CERVANTES','PORTILLO','EMILIANO',1,'134','M','2005-11-10','CEPE051110HCHRRMA2',NULL),('200403','DELGADO','BENAVIDES','ISSIS DAMARE',1,'134','F','2005-08-31','DEBI050831MCHLNSA4',NULL),('200404','DOMINGUEZ','HERNANDEZ','ANGEL JULIAN',1,'134','M','2005-04-25','DOHA050425HCHMRNA2',NULL),('200405','DOMINGUEZ','LARA','LILIANA EUNICE',1,'134','F','2005-03-19','DOLL050319MCHMRLA4',NULL),('200406','ESPARZA','MONTOYA','DENISSE AYLIN',1,'134','F','2005-07-02','EAMD050702MCHSNNA3',NULL),('200407','ESPINOZA','CHAVEZ','NATALY MICHELLE',1,'134','F','2005-12-16','EICN051216MCHSHTA7',NULL),('200408','FLORES','AMPARAN','ANDREA IVONNE',1,'134','F','2005-06-30','FOAA050630MCHLMNA0',NULL),('200409','FLORES','ARELLANES','ERICK EMILIANO',1,'134','M','2005-07-30','FOAE050730HCHLRRA0',NULL),('200410','FLORES','CHAVEZ','XIMENA',1,'134','F','2004-12-01','FOCX041201MCHLHMA7',NULL),('200411','GERARDO','CARDENAS','SERGIO AXEL',1,'134','M','2005-05-06','GECS050506HCHRRRA5',NULL),('200412','GONZALEZ','CARREĽO','AXEL',1,'134','M','2005-05-25','GOCA050525HCHNRXA9',NULL),('200413','GONZALEZ','REYES','RUBI',1,'134','F','2005-09-17','GORR050917MCHNYBA2',NULL),('200414','GUTIERREZ','MOTA','EMILY DAYANNE',1,'134','F','2005-08-27','GUME050827MCHTTMA9',NULL),('200415','HERNANDEZ','ALARCON','DIEGO JESUS',1,'134','M','2005-03-28','HEAD050328HCHRLGA7',NULL),('200416','HERNANDEZ','AVILA','ALBERTO',1,'134','M','2005-01-04','HEAA050104HNERVLA2',NULL),('200417','HERNANDEZ','BELETA','MARIA FERNANDA',1,'134','F','2005-10-03','HEBF051003MCHRLRA1',NULL),('200418','HERNANDEZ','CHAVEZ','DANELIA',1,'134','F','2005-11-08','HECD051108MCHRHNA0',NULL),('200419','INFANTE','MARTINEZ','SALMA GRACIELA',1,'134','F','2005-01-11','IAMS050111MCHNRLA2',NULL),('200420','JIMENEZ','PONCE','AARON',1,'134','M','2005-10-11','JIPA051011HCHMNRA2',NULL),('200421','LUGO','CANO','KEVIN',1,'134','M','2005-10-05','LUCK051005HCHGNVA1',NULL),('200422','MARTINEZ','GALLEGOS','PRISCILA',1,'134','F','2005-06-30','MAGP050630MCHRLRA7',NULL),('200423','MARTÖNEZ','CARDENAS','VIELKA',1,'134','F','2005-04-21','MACV050421MCHRRLA7',NULL),('200424','MARTÖNEZ','MENDEZ','EMMANUEL',1,'134','M','2004-12-09','MXME041209HCHRNMA7',NULL),('200425','MATA','CANO','DENISSE ALEXA',1,'134','F','2005-05-24','MACD050524MCHTNNA8',NULL),('200426','MORENO','ORTIZ','ISAAC ALBERTO',1,'134','M','2005-12-06','MOOI051206HCHRRSA5',NULL),('200427','MUĽOZ','BARBEITIA','JOSE LUIS',1,'134','M','2005-01-26','MUBL050126HCHXRSA5',NULL),('200428','PEĽA','MARTINEZ','MIREYA JAQUELIN',1,'134','F','2004-03-07','PEMM040307MCHXRRA6',NULL),('200429','REYES','BENAVIDES','MIA EVELYN',1,'134','F','2005-05-08','REBM050508MCHYNXA9',NULL),('200430','RIOS','VALERIO','MIGUEL URIEL',1,'134','M','2005-09-04','RIVM050904HCHSLGA9',NULL),('200431','RODRIGUEZ','NAVARRO','MIA',1,'134','F','2005-04-09','RONM050409MSPDVXA3',NULL),('200432','SAENZ','TERRAZAS','SARA ESMERALDA',1,'134','F','2005-01-17','SATS050117MCHNRRA1',NULL),('200433','SALAZAR','DOMINGUEZ','GILBERTO URIEL',1,'134','M','2005-01-12','SADG050112HNELMLA9',NULL),('200434','TORRES','VAZQUEZ','XIMENA',1,'134','F','2005-07-26','TOVX050726MCHRZMA5',NULL),('200435','TREJO','HERNANDEZ','DAEMY JOANA',1,'134','F','2005-11-29','TEHD051129MCHRRMA6',NULL),('200436','VALDEZ','HERNANDEZ','JASSIEL DAVID',1,'134','M','2005-03-14','VAHJ050314HCHLRSA7',NULL),('200437','VILLANUEVA','CONTRERAS','CAMILA A.',1,'134','F','2005-08-23','VICC050823MCHLNMA1',NULL),('200438','VILLASEĽOR','BURCIAGA','YEIDY NAOMI',1,'134','F','2005-08-03','VIBY050803MCHLRDA9',NULL),('200439','ACEVES','PARRA','SAUL IVAN',1,'135','M','2005-06-21','AEPS050621HCHCRLA4',NULL),('200440','ALEMAN','CARRASCO','PALOMA DENISSE',1,'135','F','2005-07-26','AECP050726MCHLRLA2',NULL),('200441','CANO','VAZQUEZ','ANGELA MICHEL',1,'135','F','2005-04-17','CAVA050417MCHNZNA0',NULL),('200442','CERVANTES','RODRIGUEZ','ITZEL ALEJANDRA',1,'135','F','2005-01-04','CERI050104MCHRDTA2',NULL),('200443','CHAIREZ','CABRIALES','JESSICA LIZETH',1,'135','F','2005-11-16','CACJ051116MCHHBSA7',NULL),('200444','CHAVEZ','AVALOS','MARLEN LIZETH',1,'135','F','2005-10-17','CAAM051017MCHHVRA5',NULL),('200445','CHAVEZ','LOPEZ','CESAR EDUARDO',1,'135','M','2004-08-04','CALC040804HCHHPSA4',NULL),('200446','DIAZ','RAMIREZ','MICHELLE ALEYDA',1,'135','F','2005-02-25','DIRM050225MCHZMCA4',NULL),('200447','ESCAMILLA','CORONA','LESLY MELISSA',1,'135','F','2005-11-11','EACL051111MCHSRSA8',NULL),('200448','ESTRADA','DURON','FERNANDO',1,'135','M','2005-01-22','EADF050122HCHSRRA8',NULL),('200449','GALVAN','CARDONA','XOCHITL ITZEL',1,'135','F','2005-11-29','GACX051129MCHLRCA6',NULL),('200450','GAMEZ','MEDRANO','MIGUEL EDEN',1,'135','M','2005-10-15','GAMM051015HCHMDGA6',NULL),('200451','GARCIA','BRICEĽO','ALONDRA ESTEFANIA',1,'135','F','2005-07-05','GABA050705MCHRRLA2',NULL),('200452','GARCIA','BRICEĽO','MARTHA ANDREA',1,'135','F','2005-07-05','GABM050705MCHRRRA1',NULL),('200453','GONZALEZ','PEREZ','YARENI',1,'135','F','2005-07-20','GOPY050720MCHNRRA1',NULL),('200454','GUEDEA','DELGADO','ANA VICTORIA',1,'135','F','2005-08-09','GUDA050809MCHDLNA3',NULL),('200455','IBARRA','CASTRO','WENDY YOSSELIN',1,'135','F','2004-10-02','IACW041002MCHBSNA5',NULL),('200456','JUAREZ','MUĽOZ','ANA SOFIA',1,'135','F','2005-07-08','JUMA050708MCHRXNA8',NULL),('200457','LARA','ALVAREZ','LUIS ARMANDO',1,'135','M','2005-10-13','LAAL051013HCHRLSA0',NULL),('200458','LARA','HUERTA','JOSE PABLO',1,'135','M','2005-03-14','LAHP050314HCHRRBA9',NULL),('200459','LEYVA','ALVAREZ','HECTOR SEBASTIAN',1,'135','M','2005-09-30','LEAH050930HCHYLCA8',NULL),('200460','LOPEZ','VEGA','ALEJANDRO',1,'135','M','2005-09-27','LOVA050927HCHPGLA9',NULL),('200461','MADRID','GUTIERREZ','PAULINA YANILET',1,'135','F','2005-09-27','MAGP050927MCHDTLA1',NULL),('200462','MARTINEZ','MARTINEZ','MELANIE ITZEL',1,'135','F','2005-10-31','MAMM051031MCHRRLA9',NULL),('200463','MARTÖNEZ','MORALES','LUIS EMILIANO',1,'135','M','2005-12-10','MAML051210HCHRRSA7',NULL),('200464','MATA','RIOS','NOEL ALEXIS',1,'135','M','2005-03-16','MARN050316HCHTSLA8',NULL),('200465','MENA','CASTRO','DULCE GUADALUPE',1,'135','F','2005-12-12','MECD051212MCHNSLA6',NULL),('200466','MENDOZA','CARRASCO','DYLAN',1,'135','M','2005-06-13','MECD050613HCHNRYA7',NULL),('200467','MENDOZA','VALENCIA','ANA PALOMA',1,'135','F','2004-10-07','MEVA041007MCHNLNA7',NULL),('200468','MIRANDA','GASPAR','DINA JUDITH',1,'135','F','2005-10-03','MIGD051003MCHRSNA6',NULL),('200469','MORENO','MONCAYO','AXEL EMMANUEL',1,'135','M','2005-09-30','MOMA050930HCHRNXA7',NULL),('200470','MUĽIZ','GRAJEDA','MARIA EUGENIA',1,'135','F','2005-06-29','MUGE050629MCHXRGA7',NULL),('200471','MUĽOZ','RUBIO','LARISSA ESMERALDA',1,'135','F','2005-05-14','MURL050514MCHXBRA8',NULL),('200472','NATIVIDAD','GOMEZ','AXEL ANTONIO',1,'135','M','2005-01-14','NAGA050114HCHTMXA6',NULL),('200473','NORIEGA','GUERRA','ANAHI',1,'135','F','2005-12-14','NOGA051214MCHRRNA7',NULL),('200474','ORNELAS','OCHOA','CLAUDIA MARIANA',1,'135','F','2005-09-17','OEOC050917MCHRCLA2',NULL),('200475','PRIETO','ALVARADO','RAMON',1,'135','M','2005-01-28','PIAR050128HCHRLMA6',NULL),('200476','RAMOS','PARADA','VALERIA',1,'135','F','2005-11-11','RAPV051111MCHMRLA6',NULL),('200477','RENTERIA','LUNA','JUAN CARLOS',1,'135','M','2005-04-07','RELJ050407HCHNNNA7',NULL),('200478','RETANA','GAVALDON','TANIA VERONICA',1,'135','F','2005-11-09','REGT051109MCHTVNA',NULL),('200479','ROCHA','SIGALA','DAFNE YAMILE',1,'135','F','2004-01-25','ROSD040125MCHCGFA3',NULL),('200480','RODRIGUEZ','OSUNA','SANTIAGO',1,'135','M','2005-12-31','ROOS051231HCHDSNA6',NULL),('200481','ROSALES','GARZA','DANIEL ALEJANDRO',1,'135','M','2005-05-09','ROGD050509HCHSRNA1',NULL),('200482','SANCHEZ','OLIVAS','KATHYA GUADALUPE',1,'135','F','2005-03-02','SAOK050302MNENLTA2',NULL),('200483','SOTO','IBARRA','ESTRELLA',1,'135','F','2005-10-04','SOIE051004MCHTBSA9',NULL),('200484','TERRAZAS','SALAS','JONATHAN EDUARDO',1,'135','M','2004-04-19','TESJ040419HCHRLNA1',NULL),('200485','URBINA','CONTRERAS','LILIANA ESMERALDA',1,'135','F','2005-05-29','UICL050529MCHRNLA1',NULL),('200486','VENEGAS','RAMIREZ','JOSE JULIAN',1,'135','M','2005-07-28','VERJ050728HCHNMLA1',NULL),('206001','NAVA','GARCIA','MARIA FERNANDA',3,'334','F','2004-04-13','NAGF040413MCHVRRA4',NULL),('206002','ESPARZA','FILETO','MARISOL',3,'332','F','2004-07-14','EAFM040714MCHSLRA8',NULL),('206003','RAMIREZ','RAMIREZ','DAVID EMANUEL',3,'331','M','2004-09-21','RARD040921HCHMMVA7',NULL),('206004','RAMOS','VALENZUELA','MAURICIO',3,'332','M','2003-12-18','RAVM031218HCHMLRA9',NULL),('206005','MENDOZA','GARCIA','NAYELI',3,'334','F','2004-06-08','MEGN040608MCHNRYA1',NULL),('206006','BELTRAN','SANDOVAL','NAYDELI',3,'332','F','2003-09-12','BESN030912MCHLNYA5',NULL),('206007','JIMENEZ','FLORES','STEPHANIA',3,'332','F','2004-02-21','JIFS040221MCHMLTA8',NULL),('206008','MARTINEZ','RIOS','SAUL',3,'332','M','2004-02-17','MARS040217HCHRSLA3',NULL),('206009','VALENZUELA','VALENCIA','JESUS ALFONSO',3,'333','M','2004-05-16','VAVJ040516HCHLLSA8',NULL),('206010','BALDERAS','LOPEZ','OMAR ANDRES',3,'333','M','2004-03-22','BALO040322HCHLPMA1',NULL),('206011','SALAZAR','HERNANDEZ','JOSSELYN GPE.',3,'335','F','2004-12-13','SAHJ041213MCHLRSA2',NULL),('206012','MEDRANO','MELENDEZ','ABRAHAM ALEJANDRO',3,'334','M','2002-12-21','MEMA021221HCHDLBA1',NULL),('206013','CORONADO','PEREZ','EVELIN DANIELA',3,'332','F','2004-02-07','COPE040207MCHRRVA6',NULL),('206014','MAGALLANES','ARRIETA','ALAN NOEL',3,'334','M','2004-08-16','MAAA040816HCHGRLA3',NULL),('206015','CHAIREZ','MARTINEZ','OCTAVIO ALEJANDRO',5,'531','M','2002-05-07','CAMO020507HCHHRCA8',NULL),('206016','RAMIREZ','DOMINGUEZ','SILVIA ALEJANDRA',5,'532','F','2002-09-23','RADS020923MCHMMLA8',NULL),('206018','HIDALGO','RODRIGUEZ','JOHAN',5,'534','M','2002-06-07','HIRJ020607HDGDDHA9',NULL),('206019','GAMBOA','SOTO','EXON DAMIAN',5,'535','M','2002-06-25','GASE020625HCHMTXA7',NULL),('206020','ESTRADA','ROMERO','JUDITH ELENA',5,'535','F','2003-08-27','EARJ030827MCHSMDA1',NULL),('206021','LARA','AVILES','CARLOS IVAN',5,'535','M','2003-01-06','LAAC030106HCHRVRA4',NULL);
/*!40000 ALTER TABLE `alumnos` ENABLE KEYS */;
UNLOCK TABLES;

--
-- Table structure for table `alumnos_contacto`
--

DROP TABLE IF EXISTS `alumnos_contacto`;
/*!40101 SET @saved_cs_client     = @@character_set_client */;
/*!50503 SET character_set_client = utf8mb4 */;
CREATE TABLE `alumnos_contacto` (
  `numero_control` varchar(6) NOT NULL,
  `domicilio` varchar(45) NOT NULL,
  `colonia` varchar(45) NOT NULL,
  `localidad` varchar(45) NOT NULL,
  `num_telefonico` varchar(10) NOT NULL,
  PRIMARY KEY (`numero_control`),
  CONSTRAINT `alumnos_contacto_ibfk_1` FOREIGN KEY (`numero_control`) REFERENCES `alumnos` (`numero_control`)
) ENGINE=InnoDB DEFAULT CHARSET=utf8mb4 COLLATE=utf8mb4_0900_ai_ci;
/*!40101 SET character_set_client = @saved_cs_client */;

--
-- Dumping data for table `alumnos_contacto`
--

LOCK TABLES `alumnos_contacto` WRITE;
/*!40000 ALTER TABLE `alumnos_contacto` DISABLE KEYS */;
/*!40000 ALTER TABLE `alumnos_contacto` ENABLE KEYS */;
UNLOCK TABLES;

--
-- Temporary view structure for view `alumnos_contacto_view_specialized`
--

DROP TABLE IF EXISTS `alumnos_contacto_view_specialized`;
/*!50001 DROP VIEW IF EXISTS `alumnos_contacto_view_specialized`*/;
SET @saved_cs_client     = @@character_set_client;
/*!50503 SET character_set_client = utf8mb4 */;
/*!50001 CREATE VIEW `alumnos_contacto_view_specialized` AS SELECT 
 1 AS `numero_control`,
 1 AS `nombre_completo`,
 1 AS `fecha_nacimiento`,
 1 AS `CURP`,
 1 AS `domicilio`,
 1 AS `num_telefonico`,
 1 AS `nombres`,
 1 AS `ocupacion`,
 1 AS `telefono`*/;
SET character_set_client = @saved_cs_client;

--
-- Temporary view structure for view `alumnos_sin_pass`
--

DROP TABLE IF EXISTS `alumnos_sin_pass`;
/*!50001 DROP VIEW IF EXISTS `alumnos_sin_pass`*/;
SET @saved_cs_client     = @@character_set_client;
/*!50503 SET character_set_client = utf8mb4 */;
/*!50001 CREATE VIEW `alumnos_sin_pass` AS SELECT 
 1 AS `numero_control`,
 1 AS `email`,
 1 AS `nombres`*/;
SET character_set_client = @saved_cs_client;

--
-- Temporary view structure for view `alumnos_view`
--

DROP TABLE IF EXISTS `alumnos_view`;
/*!50001 DROP VIEW IF EXISTS `alumnos_view`*/;
SET @saved_cs_client     = @@character_set_client;
/*!50503 SET character_set_client = utf8mb4 */;
/*!50001 CREATE VIEW `alumnos_view` AS SELECT 
 1 AS `numero_control`,
 1 AS `nombres`,
 1 AS `apellido_paterno`,
 1 AS `apellido_materno`,
 1 AS `grupo`,
 1 AS `semestre`,
 1 AS `sexo`,
 1 AS `fecha_nacimiento`,
 1 AS `CURP`,
 1 AS `email`*/;
SET character_set_client = @saved_cs_client;

--
-- Temporary view structure for view `alumnos_visible_view`
--

DROP TABLE IF EXISTS `alumnos_visible_view`;
/*!50001 DROP VIEW IF EXISTS `alumnos_visible_view`*/;
SET @saved_cs_client     = @@character_set_client;
/*!50503 SET character_set_client = utf8mb4 */;
/*!50001 CREATE VIEW `alumnos_visible_view` AS SELECT 
 1 AS `numero_control`,
 1 AS `nombre_completo`,
 1 AS `grupo`,
 1 AS `semestre`,
 1 AS `sexo`,
 1 AS `fecha_nacimiento`,
 1 AS `CURP`,
 1 AS `numero_lista`,
 1 AS `email`*/;
SET character_set_client = @saved_cs_client;

--
-- Table structure for table `asignaturas`
--

DROP TABLE IF EXISTS `asignaturas`;
/*!40101 SET @saved_cs_client     = @@character_set_client */;
/*!50503 SET character_set_client = utf8mb4 */;
CREATE TABLE `asignaturas` (
  `grupo` varchar(3) NOT NULL,
  `materia` varchar(20) NOT NULL,
  `profesor` varchar(6) NOT NULL,
  `aula` varchar(5) DEFAULT NULL,
  PRIMARY KEY (`grupo`,`materia`),
  KEY `aula` (`aula`),
  KEY `materia` (`profesor`,`materia`),
  CONSTRAINT `asignaturas_ibfk_2` FOREIGN KEY (`profesor`, `materia`) REFERENCES `materia_profesor` (`profesor`, `materia`),
  CONSTRAINT `asignaturas_ibfk_3` FOREIGN KEY (`aula`) REFERENCES `aulas` (`aula`),
  CONSTRAINT `grupoFK` FOREIGN KEY (`grupo`) REFERENCES `grupos` (`grupo`)
) ENGINE=InnoDB DEFAULT CHARSET=utf8mb4 COLLATE=utf8mb4_0900_ai_ci;
/*!40101 SET character_set_client = @saved_cs_client */;

--
-- Dumping data for table `asignaturas`
--

LOCK TABLES `asignaturas` WRITE;
/*!40000 ALTER TABLE `asignaturas` DISABLE KEYS */;
INSERT INTO `asignaturas` VALUES ('101','ÉT1','ABA','b2'),('101','IN1','AIFN','b0'),('101','LA1','ALRC','b3'),('101','LR1','AXFE','b2'),('101','MA1','ECSR','b0'),('101','MEI','EYEG','b1'),('101','ORI','JCCC','b2'),('101','PA1','ARM','b2'),('101','QU1','JICC','b3'),('101','TUI','CAPB','b2'),('102','ÉT1','ABA','b1'),('102','IN1','AGRC','b2'),('102','LA1','AJM','b1'),('102','LR1','AXFE','b2'),('102','MA1','ECSR','b1'),('102','MEI','CNL','b1'),('102','ORI','JICC','b1'),('102','PA1','ARM','b0'),('102','QU1','LALP','b1'),('102','TUI','CAPB','b1'),('103','ÉT1','ABA','b1'),('103','IN1','AGRC','b1'),('103','LA1','ALRC','b1'),('103','LR1','AXFE','b1'),('103','MA1','ECSR','b2'),('103','MEI','CNL','b3'),('103','ORI','JICC','b1'),('103','PA1','ARM','b2'),('103','QU1','JICC','b1'),('103','TUI','CAPB','b3'),('301','LA3','CNL','b1'),('301','LI1','ECSR','b2'),('301','MA3','JCCC','b1'),('301','OR3','ALRC','b3'),('301','PA3','AXFE','b0'),('301','ROP','GMS','b1'),('301','TU3','AMMR','b1');
/*!40000 ALTER TABLE `asignaturas` ENABLE KEYS */;
UNLOCK TABLES;

--
-- Temporary view structure for view `asignaturas_horario_view`
--

DROP TABLE IF EXISTS `asignaturas_horario_view`;
/*!50001 DROP VIEW IF EXISTS `asignaturas_horario_view`*/;
SET @saved_cs_client     = @@character_set_client;
/*!50503 SET character_set_client = utf8mb4 */;
/*!50001 CREATE VIEW `asignaturas_horario_view` AS SELECT 
 1 AS `materia`,
 1 AS `nombre_abr`,
 1 AS `grupo`,
 1 AS `profesor`,
 1 AS `nombre_completo`,
 1 AS `hora`,
 1 AS `hora_c`,
 1 AS `dia`,
 1 AS `aula`*/;
SET character_set_client = @saved_cs_client;

--
-- Temporary view structure for view `asignaturas_visible_view`
--

DROP TABLE IF EXISTS `asignaturas_visible_view`;
/*!50001 DROP VIEW IF EXISTS `asignaturas_visible_view`*/;
SET @saved_cs_client     = @@character_set_client;
/*!50503 SET character_set_client = utf8mb4 */;
/*!50001 CREATE VIEW `asignaturas_visible_view` AS SELECT 
 1 AS `grupo`,
 1 AS `materia`,
 1 AS `nombre_abr`,
 1 AS `profesor`,
 1 AS `nombre_completo`,
 1 AS `aula`*/;
SET character_set_client = @saved_cs_client;

--
-- Table structure for table `aulas`
--

DROP TABLE IF EXISTS `aulas`;
/*!40101 SET @saved_cs_client     = @@character_set_client */;
/*!50503 SET character_set_client = utf8mb4 */;
CREATE TABLE `aulas` (
  `aula` varchar(5) NOT NULL,
  PRIMARY KEY (`aula`),
  UNIQUE KEY `aula` (`aula`)
) ENGINE=InnoDB DEFAULT CHARSET=utf8mb4 COLLATE=utf8mb4_0900_ai_ci;
/*!40101 SET character_set_client = @saved_cs_client */;

--
-- Dumping data for table `aulas`
--

LOCK TABLES `aulas` WRITE;
/*!40000 ALTER TABLE `aulas` DISABLE KEYS */;
INSERT INTO `aulas` VALUES ('b0'),('b1'),('b2'),('b3');
/*!40000 ALTER TABLE `aulas` ENABLE KEYS */;
UNLOCK TABLES;

--
-- Table structure for table `bajas`
--

DROP TABLE IF EXISTS `bajas`;
/*!40101 SET @saved_cs_client     = @@character_set_client */;
/*!50503 SET character_set_client = utf8mb4 */;
CREATE TABLE `bajas` (
  `numero_control` varchar(40) NOT NULL,
  PRIMARY KEY (`numero_control`),
  CONSTRAINT `vc` FOREIGN KEY (`numero_control`) REFERENCES `alumnos` (`numero_control`)
) ENGINE=InnoDB DEFAULT CHARSET=utf8mb4 COLLATE=utf8mb4_0900_ai_ci;
/*!40101 SET character_set_client = @saved_cs_client */;

--
-- Dumping data for table `bajas`
--

LOCK TABLES `bajas` WRITE;
/*!40000 ALTER TABLE `bajas` DISABLE KEYS */;
INSERT INTO `bajas` VALUES ('166528'),('170180'),('170236'),('170259'),('170272'),('170283'),('170328'),('170331'),('170417'),('170491'),('170566'),('170663'),('170915'),('180001'),('180002'),('180003'),('180004'),('180006'),('180007'),('180008'),('180009'),('180010'),('180011'),('180012'),('180013'),('180014'),('180015'),('180016'),('180017'),('180018'),('180019'),('180020'),('180021'),('180022'),('180023'),('180024'),('180025'),('180026'),('180027'),('180029'),('180030'),('180031'),('180032'),('180034'),('180035'),('180036'),('180038'),('180040'),('180041'),('180042'),('180044'),('180045'),('180046'),('180047'),('180048'),('180049'),('180050'),('180051'),('180052'),('180053'),('180054'),('180055'),('180056'),('180057'),('180058'),('180059'),('180061'),('180062'),('180063'),('180065'),('180066'),('180067'),('180068'),('180069'),('180071'),('180072'),('180073'),('180074'),('180075'),('180076'),('180077'),('180079'),('180080'),('180081'),('180082'),('180083'),('180084'),('180085'),('180086'),('180087'),('180088'),('180089'),('180090'),('180091'),('180092'),('180093'),('180094'),('180095'),('180096'),('180097'),('180098'),('180099'),('180100'),('180101'),('180102'),('180103'),('180104'),('180105'),('180106'),('180107'),('180108'),('180109'),('180110'),('180111'),('180112'),('180113'),('180115'),('180116'),('180117'),('180118'),('180119'),('180120'),('180122'),('180124'),('180125'),('180126'),('180127'),('180128'),('180129'),('180130'),('180131'),('180132'),('180133'),('180137'),('180138'),('180139'),('180141'),('180143'),('180144'),('180145'),('180146'),('180147'),('180148'),('180149'),('180151'),('180152'),('180155'),('180157'),('180158'),('180159'),('180161'),('180162'),('180164'),('180165'),('180166'),('180168'),('180169'),('180170'),('180174'),('180175'),('180176'),('180177'),('180178'),('180179'),('180180'),('180181'),('180183'),('180184'),('180185'),('180187'),('180188'),('180189'),('180191'),('180192'),('180193'),('180194'),('180195'),('180196'),('180197'),('180198'),('180199'),('180201'),('180202'),('180203'),('180204'),('180205'),('180206'),('180207'),('180208'),('180209'),('180210'),('180211'),('180212'),('180213'),('180214'),('180215'),('180217'),('180218'),('180219'),('180220'),('180221'),('180222'),('180223'),('180224'),('180225'),('180226'),('180227'),('180228'),('180229'),('180230'),('180231'),('180233'),('180235'),('180236'),('180237'),('180238'),('180239'),('180242'),('180243'),('180244'),('180245'),('180246'),('180247'),('180248'),('180249'),('180250'),('180254'),('180255'),('180257'),('180259'),('180260'),('180261'),('180262'),('180263'),('180265'),('180267'),('180268'),('180269'),('180271'),('180272'),('180273'),('180274'),('180276'),('180277'),('180278'),('180279'),('180281'),('180282'),('180284'),('180285'),('180286'),('180287'),('180288'),('180289'),('180290'),('180291'),('180292'),('180293'),('180294'),('180295'),('180297'),('180298'),('180299'),('180300'),('180301'),('180302'),('180303'),('180304'),('180305'),('180306'),('180307'),('180308'),('180309'),('180313'),('180314'),('180315'),('180317'),('180319'),('180324'),('180325'),('180326'),('180327'),('180328'),('180329'),('180330'),('180334'),('180335'),('180337'),('180339'),('180345'),('180346'),('180347'),('180348'),('180349'),('180350'),('180351'),('180352'),('180353'),('180354'),('180355'),('180357'),('180360'),('180361'),('180362'),('180363'),('180364'),('180365'),('180366'),('180368'),('180369'),('180370'),('180371'),('180372'),('180373'),('180374'),('180376'),('180377'),('180378'),('180379'),('180380'),('180381'),('180383'),('180384'),('180386'),('180387'),('180389'),('180390'),('180391'),('180393'),('180394'),('180395'),('180396'),('180397'),('180398'),('180399'),('180402'),('180403'),('180404'),('180406'),('180408'),('180409'),('180410'),('180411'),('180412'),('180413'),('180414'),('180415'),('180416'),('180418'),('180419'),('180421'),('180422'),('180425'),('180427'),('180428'),('180429'),('180430'),('180431'),('180432'),('180434'),('180435'),('180436'),('180437'),('180438'),('180439'),('180440'),('180441'),('180442'),('180443'),('180444'),('180445'),('180446'),('180448'),('180450'),('180454'),('180455'),('180456'),('180457'),('180458'),('180459'),('180460'),('180461'),('180462'),('180463'),('180467'),('180468'),('180469'),('180471'),('180472'),('180473'),('180474'),('180475'),('180476'),('180478'),('180481'),('180482'),('180483'),('180484'),('180485'),('180486'),('180488'),('180491'),('180493'),('180494'),('180495'),('180496'),('180497'),('180498'),('180499'),('186500'),('186501'),('186502'),('186504'),('186505'),('186508'),('186510'),('186512'),('186514'),('186515'),('186516'),('186521'),('190001'),('190002'),('190003'),('190004'),('190005'),('190006'),('190007'),('190008'),('190009'),('190010'),('190011'),('190012'),('190013'),('190015'),('190016'),('190017'),('190018'),('190019'),('190020'),('190021'),('190022'),('190023'),('190024'),('190025'),('190026'),('190027'),('190028'),('190029'),('190030'),('190031'),('190032'),('190033'),('190034'),('190035'),('190036'),('190037'),('190038'),('190039'),('190040'),('190041'),('190042'),('190043'),('190044'),('190045'),('190046'),('190047'),('190048'),('190049'),('190050'),('190051'),('190053'),('190055'),('190056'),('190057'),('190058'),('190059'),('190060'),('190061'),('190062'),('190063'),('190064'),('190065'),('190067'),('190068'),('190069'),('190070'),('190071'),('190072'),('190073'),('190074'),('190075'),('190076'),('190077'),('190078'),('190079'),('190080'),('190081'),('190082'),('190083'),('190085'),('190086'),('190087'),('190088'),('190089'),('190090'),('190091'),('190092'),('190093'),('190094'),('190095'),('190096'),('190097'),('190098'),('190099'),('190100'),('190101'),('190102'),('190103'),('190104'),('190105'),('190106'),('190107'),('190108'),('190109'),('190110'),('190112'),('190113'),('190114'),('190115'),('190116'),('190117'),('190118'),('190119'),('190121'),('190123'),('190124'),('190125'),('190126'),('190127'),('190128'),('190129'),('190131'),('190132'),('190133'),('190134'),('190135'),('190136'),('190137'),('190139'),('190140'),('190141'),('190142'),('190143'),('190144'),('190145'),('190146'),('190147'),('190148'),('190149'),('190150'),('190151'),('190152'),('190153'),('190154'),('190155'),('190156'),('190157'),('190159'),('190160'),('190161'),('190162'),('190163'),('190164'),('190165'),('190166'),('190167'),('190168'),('190169'),('190170'),('190171'),('190172'),('190173'),('190174'),('190175'),('190176'),('190177'),('190178'),('190179'),('190180'),('190181'),('190182'),('190183'),('190184'),('190185'),('190186'),('190187'),('190188'),('190189'),('190190'),('190192'),('190193'),('190194'),('190195'),('190197'),('190198'),('190199'),('190200'),('190201'),('190202'),('190203'),('190204'),('190205'),('190206'),('190207'),('190209'),('190210'),('190211'),('190212'),('190213'),('190214'),('190215'),('190217'),('190218'),('190219'),('190220'),('190221'),('190222'),('190223'),('190224'),('190225'),('190227'),('190228'),('190229'),('190230'),('190231'),('190232'),('190233'),('190234'),('190235'),('190236'),('190237'),('190238'),('190239'),('190240'),('190241'),('190242'),('190243'),('190244'),('190245'),('190248'),('190249'),('190250'),('190251'),('190252'),('190253'),('190254'),('190256'),('190257'),('190259'),('190260'),('190261'),('190262'),('190263'),('190264'),('190265'),('190266'),('190267'),('190269'),('190271'),('190272'),('190273'),('190274'),('190275'),('190276'),('190277'),('190278'),('190279'),('190280'),('190281'),('190282'),('190283'),('190284'),('190286'),('190287'),('190288'),('190289'),('190290'),('190291'),('190292'),('190293'),('190294'),('190295'),('190296'),('190297'),('190298'),('190299'),('190300'),('190301'),('190302'),('190303'),('190304'),('190305'),('190306'),('190307'),('190308'),('190309'),('190310'),('190311'),('190312'),('190313'),('190314'),('190315'),('190316'),('190317'),('190318'),('190319'),('190320'),('190321'),('190322'),('190323'),('190324'),('190325'),('190326'),('190327'),('190328'),('190329'),('190330'),('190331'),('190332'),('190333'),('190334'),('190335'),('190336'),('190337'),('190338'),('190339'),('190341'),('190342'),('190343'),('190344'),('190348'),('190349'),('190350'),('190351'),('190352'),('190353'),('190354'),('190355'),('190356'),('190357'),('190358'),('190359'),('190360'),('190361'),('190362'),('190363'),('190364'),('190365'),('190366'),('190367'),('190368'),('190369'),('190370'),('190371'),('190372'),('190373'),('190374'),('190375'),('190376'),('190377'),('190378'),('190379'),('190380'),('190381'),('190382'),('190383'),('190384'),('190385'),('190386'),('190387'),('190388'),('190389'),('190390'),('190391'),('190393'),('190394'),('190395'),('190396'),('190397'),('190398'),('190399'),('190400'),('190401'),('190402'),('190403'),('190404'),('190405'),('190406'),('190407'),('190410'),('190411'),('190412'),('190413'),('190414'),('190415'),('190416'),('190417'),('190418'),('190419'),('190420'),('190421'),('190422'),('190423'),('190424'),('190425'),('190427'),('190428'),('190429'),('190431'),('190432'),('190433'),('190434'),('190435'),('190436'),('190437'),('190438'),('190439'),('190441'),('190442'),('190443'),('190444'),('190445'),('190446'),('190447'),('190448'),('190449'),('190450'),('190452'),('190453'),('190454'),('190455'),('190456'),('190457'),('190458'),('190459'),('190460'),('190461'),('190462'),('190463'),('190464'),('190465'),('190466'),('190467'),('190468'),('190469'),('190470'),('190471'),('190472'),('190474'),('190475'),('190476'),('190477'),('190478'),('190479'),('190480'),('190481'),('190482'),('190483'),('190484'),('190485'),('190486'),('190487'),('190488'),('190489'),('190490'),('190492'),('190493'),('190494'),('190495'),('190496'),('190497'),('190498'),('190499'),('190500'),('190501'),('190502'),('190700'),('190701'),('190702'),('190703'),('190704'),('190705'),('190706'),('190708'),('190709'),('190710'),('190712'),('190714'),('190715'),('190716'),('190717'),('190718'),('190719'),('190720'),('190721'),('190722'),('190724'),('190725'),('190726'),('190727'),('190728'),('190746'),('190747'),('200050'),('200051'),('200052'),('200053'),('200054'),('200055'),('200056'),('200057'),('200058'),('200059'),('200060'),('200061'),('200062'),('200063'),('200064'),('200065'),('200066'),('200067'),('200068'),('200069'),('200070'),('200071'),('200072'),('200073'),('200074'),('200075'),('200076'),('200077'),('200078'),('200079'),('200080'),('200081'),('200082'),('200083'),('200084'),('200085'),('200086'),('200087'),('200088'),('200089'),('200090'),('200091'),('200092'),('200093'),('200094'),('200095'),('200096'),('200097'),('200098'),('200099'),('200100'),('200101'),('200102'),('200103'),('200104'),('200105'),('200106'),('200107'),('200108'),('200109'),('200110'),('200111'),('200112'),('200113'),('200114'),('200115'),('200116'),('200117'),('200118'),('200119'),('200120'),('200121'),('200122'),('200123'),('200124'),('200125'),('200126'),('200127'),('200128'),('200129'),('200130'),('200131'),('200132'),('200133'),('200134'),('200135'),('200136'),('200137'),('200138'),('200139'),('200140'),('200141'),('200142'),('200143'),('200144'),('200145'),('200146'),('200147'),('200148'),('200149'),('200150'),('200151'),('200152'),('200153'),('200154'),('200155'),('200156'),('200157'),('200158'),('200159'),('200160'),('200161'),('200162'),('200163'),('200164'),('200165'),('200166'),('200167'),('200168'),('200169'),('200170'),('200171'),('200172'),('200173'),('200174'),('200175'),('200176'),('200177'),('200178'),('200179'),('200180'),('200181'),('200182'),('200183'),('200184'),('200185'),('200186'),('200187'),('200188'),('200189'),('200190'),('200191'),('200192'),('200193'),('200194'),('200195'),('200196'),('200197'),('200198'),('200199'),('200200'),('200201'),('200202'),('200203'),('200204'),('200205'),('200206'),('200207'),('200208'),('200209'),('200210'),('200211'),('200212'),('200213'),('200214'),('200215'),('200216'),('200217'),('200218'),('200219'),('200220'),('200221'),('200222'),('200223'),('200224'),('200225'),('200226'),('200227'),('200228'),('200229'),('200230'),('200231'),('200232'),('200233'),('200234'),('200235'),('200236'),('200237'),('200238'),('200239'),('200240'),('200241'),('200242'),('200243'),('200244'),('200245'),('200246'),('200247'),('200248'),('200249'),('200250'),('200251'),('200252'),('200253'),('200254'),('200255'),('200256'),('200257'),('200258'),('200259'),('200260'),('200261'),('200262'),('200263'),('200264'),('200265'),('200266'),('200267'),('200268'),('200269'),('200270'),('200271'),('200272'),('200273'),('200274'),('200275'),('200276'),('200277'),('200278'),('200279'),('200280'),('200281'),('200282'),('200283'),('200284'),('200285'),('200286'),('200287'),('200288'),('200289'),('200290'),('200291'),('200292'),('200293'),('200294'),('200295'),('200296'),('200297'),('200298'),('200299'),('200300'),('200301'),('200302'),('200303'),('200304'),('200305'),('200306'),('200307'),('200308'),('200309'),('200310'),('200311'),('200312'),('200313'),('200314'),('200315'),('200316'),('200317'),('200318'),('200319'),('200320'),('200321'),('200322'),('200323'),('200324'),('200325'),('200326'),('200327'),('200328'),('200329'),('200330'),('200331'),('200332'),('200333'),('200334'),('200335'),('200336'),('200337'),('200338'),('200339'),('200340'),('200341'),('200342'),('200343'),('200344'),('200345'),('200346'),('200347'),('200348'),('200349'),('200350'),('200351'),('200352'),('200353'),('200354'),('200355'),('200356'),('200357'),('200358'),('200359'),('200360'),('200361'),('200362'),('200363'),('200364'),('200365'),('200366'),('200367'),('200368'),('200369'),('200370'),('200371'),('200372'),('200373'),('200374'),('200375'),('200376'),('200377'),('200378'),('200379'),('200380'),('200381'),('200382'),('200383'),('200384'),('200385'),('200386'),('200387'),('200388'),('200389'),('200390'),('200391'),('200392'),('200393'),('200394'),('200395'),('200396'),('200397'),('200398'),('200399'),('200400'),('200401'),('200402'),('200403'),('200404'),('200405'),('200406'),('200407'),('200408'),('200409'),('200410'),('200411'),('200412'),('200413'),('200414'),('200415'),('200416'),('200417'),('200418'),('200419'),('200420'),('200421'),('200422'),('200423'),('200424'),('200425'),('200426'),('200427'),('200428'),('200429'),('200430'),('200431'),('200432'),('200433'),('200434'),('200435'),('200436'),('200437'),('200438'),('200439'),('200440'),('200441'),('200442'),('200443'),('200444'),('200445'),('200446'),('200447'),('200448'),('200449'),('200450'),('200451'),('200452'),('200453'),('200454'),('200455'),('200456'),('200457'),('200458'),('200459'),('200460'),('200461'),('200462'),('200463'),('200464'),('200465'),('200466'),('200467'),('200468'),('200469'),('200470'),('200471'),('200472'),('200473'),('200474'),('200475'),('200476'),('200477'),('200478'),('200479'),('200480'),('200481'),('200482'),('200483'),('200484'),('200485'),('200486'),('206001'),('206002'),('206003'),('206004'),('206005'),('206006'),('206007'),('206008'),('206009'),('206010'),('206011'),('206012'),('206013'),('206014'),('206015'),('206016'),('206018'),('206019'),('206020'),('206021');
/*!40000 ALTER TABLE `bajas` ENABLE KEYS */;
UNLOCK TABLES;

--
-- Table structure for table `bajas_periodo`
--

DROP TABLE IF EXISTS `bajas_periodo`;
/*!40101 SET @saved_cs_client     = @@character_set_client */;
/*!50503 SET character_set_client = utf8mb4 */;
CREATE TABLE `bajas_periodo` (
  `numero_control` varchar(40) NOT NULL,
  PRIMARY KEY (`numero_control`),
  CONSTRAINT `df` FOREIGN KEY (`numero_control`) REFERENCES `alumnos` (`numero_control`)
) ENGINE=InnoDB DEFAULT CHARSET=utf8mb4 COLLATE=utf8mb4_0900_ai_ci;
/*!40101 SET character_set_client = @saved_cs_client */;

--
-- Dumping data for table `bajas_periodo`
--

LOCK TABLES `bajas_periodo` WRITE;
/*!40000 ALTER TABLE `bajas_periodo` DISABLE KEYS */;
/*!40000 ALTER TABLE `bajas_periodo` ENABLE KEYS */;
UNLOCK TABLES;

--
-- Temporary view structure for view `bajas_visible_view`
--

DROP TABLE IF EXISTS `bajas_visible_view`;
/*!50001 DROP VIEW IF EXISTS `bajas_visible_view`*/;
SET @saved_cs_client     = @@character_set_client;
/*!50503 SET character_set_client = utf8mb4 */;
/*!50001 CREATE VIEW `bajas_visible_view` AS SELECT 
 1 AS `numero_control`,
 1 AS `nombre_completo`,
 1 AS `grupo`,
 1 AS `semestre`,
 1 AS `sexo`,
 1 AS `fecha_nacimiento`,
 1 AS `CURP`,
 1 AS `numero_lista`,
 1 AS `email`*/;
SET character_set_client = @saved_cs_client;

--
-- Table structure for table `calificaciones`
--

DROP TABLE IF EXISTS `calificaciones`;
/*!40101 SET @saved_cs_client     = @@character_set_client */;
/*!50503 SET character_set_client = utf8mb4 */;
CREATE TABLE `calificaciones` (
  `calificacion_clave` int NOT NULL AUTO_INCREMENT,
  `clave_alumno` varchar(30) NOT NULL,
  `materia` varchar(20) DEFAULT NULL,
  `semestre` int DEFAULT NULL,
  `periodo` varchar(45) DEFAULT NULL,
  PRIMARY KEY (`calificacion_clave`),
  UNIQUE KEY `cosas` (`periodo`,`materia`,`clave_alumno`) /*!80000 INVISIBLE */,
  KEY `clave_alumno` (`clave_alumno`),
  KEY `materia` (`materia`),
  KEY `semestre` (`semestre`),
  KEY `periodo_idx` (`periodo`),
  CONSTRAINT `calificaciones_ibfk_1` FOREIGN KEY (`clave_alumno`) REFERENCES `alumnos` (`numero_control`),
  CONSTRAINT `calificaciones_ibfk_2` FOREIGN KEY (`materia`) REFERENCES `materias` (`clave_materia`),
  CONSTRAINT `calificaciones_ibfk_3` FOREIGN KEY (`semestre`) REFERENCES `semestres` (`semestre`),
  CONSTRAINT `periodo` FOREIGN KEY (`periodo`) REFERENCES `periodos` (`periodo`)
) ENGINE=InnoDB AUTO_INCREMENT=379 DEFAULT CHARSET=utf8mb4 COLLATE=utf8mb4_0900_ai_ci;
/*!40101 SET character_set_client = @saved_cs_client */;

--
-- Dumping data for table `calificaciones`
--

LOCK TABLES `calificaciones` WRITE;
/*!40000 ALTER TABLE `calificaciones` DISABLE KEYS */;
INSERT INTO `calificaciones` VALUES (347,'200100','LR1',1,'Ago21-Dic21'),(349,'200052','LR1',1,'Ago21-Dic21'),(350,'200051','LR1',1,'Ago21-Dic21'),(351,'200053','LR1',1,'Ago21-Dic21'),(352,'200050','LR1',1,'Ago21-Dic21'),(353,'200054','LR1',1,'Ago21-Dic21'),(354,'200082','LR1',1,'Ago21-Dic21'),(355,'200081','LR1',1,'Ago21-Dic21'),(356,'200080','LR1',1,'Ago21-Dic21'),(357,'200083','LR1',1,'Ago21-Dic21'),(358,'200103','LR1',1,'Ago21-Dic21'),(359,'200102','LR1',1,'Ago21-Dic21'),(360,'200101','LR1',1,'Ago21-Dic21'),(361,'200099','LR1',1,'Ago21-Dic21'),(362,'200107','LR1',1,'Ago21-Dic21'),(363,'200104','LR1',1,'Ago21-Dic21'),(364,'200105','LR1',1,'Ago21-Dic21'),(365,'200106','LR1',1,'Ago21-Dic21'),(366,'200109','LR1',1,'Ago21-Dic21'),(367,'200108','LR1',1,'Ago21-Dic21'),(368,'190455','PA3',3,'Ago21-Dic21'),(369,'190253','PA3',3,'Ago21-Dic21'),(370,'190002','PA3',3,'Ago21-Dic21'),(371,'190005','PA3',3,'Ago21-Dic21'),(372,'200055','LR1',1,'Ago21-Dic21'),(373,'200056','LR1',1,'Ago21-Dic21'),(374,'200057','LR1',1,'Ago21-Dic21'),(375,'200058','LR1',1,'Ago21-Dic21'),(376,'190056','PA3',3,'Ago21-Dic21'),(377,'190058','PA3',3,'Ago21-Dic21'),(378,'190008','PA3',3,'Ago21-Dic21');
/*!40000 ALTER TABLE `calificaciones` ENABLE KEYS */;
UNLOCK TABLES;

--
-- Table structure for table `calificaciones_booleanas`
--

DROP TABLE IF EXISTS `calificaciones_booleanas`;
/*!40101 SET @saved_cs_client     = @@character_set_client */;
/*!50503 SET character_set_client = utf8mb4 */;
CREATE TABLE `calificaciones_booleanas` (
  `calificacion_clave` int DEFAULT NULL,
  `evaluacion` varchar(20) DEFAULT NULL,
  `calificacion` tinyint(1) DEFAULT NULL,
  `faltas` varchar(2) DEFAULT NULL,
  UNIQUE KEY `unique_index` (`calificacion_clave`,`evaluacion`),
  KEY `calificacion_clave` (`calificacion_clave`),
  KEY `evaluacion` (`evaluacion`),
  CONSTRAINT `calificaciones_booleanas_ibfk_1` FOREIGN KEY (`calificacion_clave`) REFERENCES `calificaciones` (`calificacion_clave`),
  CONSTRAINT `calificaciones_booleanas_ibfk_2` FOREIGN KEY (`evaluacion`) REFERENCES `evaluaciones` (`evaluacion`)
) ENGINE=InnoDB DEFAULT CHARSET=utf8mb4 COLLATE=utf8mb4_0900_ai_ci;
/*!40101 SET character_set_client = @saved_cs_client */;

--
-- Dumping data for table `calificaciones_booleanas`
--

LOCK TABLES `calificaciones_booleanas` WRITE;
/*!40000 ALTER TABLE `calificaciones_booleanas` DISABLE KEYS */;
INSERT INTO `calificaciones_booleanas` VALUES (368,'3ra',1,'8'),(368,'1ra',1,'8'),(368,'2ra',0,'8'),(370,'1ra',1,'0'),(370,'3ra',NULL,'8'),(370,'2ra',1,'8'),(371,'2ra',1,'8'),(371,'1ra',1,'8'),(371,'3ra',0,'8'),(369,'3ra',1,'8'),(369,'1ra',1,NULL),(369,'2ra',NULL,'2'),(376,'2ra',NULL,'2'),(376,'1ra',1,NULL),(377,'2ra',1,'2'),(378,'2ra',1,'1');
/*!40000 ALTER TABLE `calificaciones_booleanas` ENABLE KEYS */;
UNLOCK TABLES;

--
-- Temporary view structure for view `calificaciones_booleanas_view`
--

DROP TABLE IF EXISTS `calificaciones_booleanas_view`;
/*!50001 DROP VIEW IF EXISTS `calificaciones_booleanas_view`*/;
SET @saved_cs_client     = @@character_set_client;
/*!50503 SET character_set_client = utf8mb4 */;
/*!50001 CREATE VIEW `calificaciones_booleanas_view` AS SELECT 
 1 AS `calificacion_clave`,
 1 AS `clave_alumno`,
 1 AS `materia`,
 1 AS `nombre_abr`,
 1 AS `tipo_calificacion`,
 1 AS `semestre`,
 1 AS `periodo`,
 1 AS `calificacion`,
 1 AS `evaluacion`,
 1 AS `faltas`*/;
SET character_set_client = @saved_cs_client;

--
-- Table structure for table `calificaciones_numericas`
--

DROP TABLE IF EXISTS `calificaciones_numericas`;
/*!40101 SET @saved_cs_client     = @@character_set_client */;
/*!50503 SET character_set_client = utf8mb4 */;
CREATE TABLE `calificaciones_numericas` (
  `calificacion_clave` int DEFAULT NULL,
  `evaluacion` varchar(20) DEFAULT NULL,
  `calificacion` double DEFAULT NULL,
  `faltas` varchar(2) DEFAULT NULL,
  UNIQUE KEY `unique_index` (`calificacion_clave`,`evaluacion`),
  UNIQUE KEY `cosaa` (`evaluacion`,`calificacion_clave`),
  KEY `calificacion_clave` (`calificacion_clave`),
  KEY `evaluacion` (`evaluacion`),
  CONSTRAINT `calificaciones_numericas_ibfk_1` FOREIGN KEY (`calificacion_clave`) REFERENCES `calificaciones` (`calificacion_clave`),
  CONSTRAINT `calificaciones_numericas_ibfk_2` FOREIGN KEY (`evaluacion`) REFERENCES `evaluaciones` (`evaluacion`)
) ENGINE=InnoDB DEFAULT CHARSET=utf8mb4 COLLATE=utf8mb4_0900_ai_ci;
/*!40101 SET character_set_client = @saved_cs_client */;

--
-- Dumping data for table `calificaciones_numericas`
--

LOCK TABLES `calificaciones_numericas` WRITE;
/*!40000 ALTER TABLE `calificaciones_numericas` DISABLE KEYS */;
INSERT INTO `calificaciones_numericas` VALUES (354,'2ra',9,'18'),(355,'1ra',9,'9'),(354,'1ra',9,'9'),(354,'3ra',9,'9'),(356,'2ra',9,'9'),(356,'1ra',9,'9'),(355,'2ra',9,'9'),(356,'3ra',9,'9'),(355,'3ra',9,'9'),(357,'3ra',9,'9'),(357,'1ra',9,'9'),(357,'2ra',9,'9'),(347,'2ra',9,'9'),(347,'1ra',9,'0'),(359,'2ra',0,'0'),(359,'1ra',9,'9'),(361,'1ra',0,'9'),(358,'1ra',9,'0'),(358,'2ra',9,'9'),(361,'2ra',9,'9'),(360,'1ra',9,'9'),(360,'2ra',0,'9'),(367,'1ra',8,NULL),(367,'2ra',8,NULL),(363,'2ra',8,NULL),(363,'1ra',8,NULL),(362,'1ra',8,NULL),(362,'2ra',8,NULL),(366,'1ra',8,NULL),(366,'2ra',8,NULL),(364,'2ra',8,NULL),(364,'1ra',8,NULL),(365,'1ra',8,NULL),(365,'2ra',8,NULL),(352,'1ra',5,'5'),(350,'1ra',5,'5'),(349,'1ra',5,'5'),(351,'1ra',5,'5');
/*!40000 ALTER TABLE `calificaciones_numericas` ENABLE KEYS */;
UNLOCK TABLES;

--
-- Temporary view structure for view `calificaciones_numericas_view`
--

DROP TABLE IF EXISTS `calificaciones_numericas_view`;
/*!50001 DROP VIEW IF EXISTS `calificaciones_numericas_view`*/;
SET @saved_cs_client     = @@character_set_client;
/*!50503 SET character_set_client = utf8mb4 */;
/*!50001 CREATE VIEW `calificaciones_numericas_view` AS SELECT 
 1 AS `calificacion_clave`,
 1 AS `clave_alumno`,
 1 AS `materia`,
 1 AS `nombre_abr`,
 1 AS `semestre`,
 1 AS `periodo`,
 1 AS `calificacion`,
 1 AS `evaluacion`,
 1 AS `faltas`*/;
SET character_set_client = @saved_cs_client;

--
-- Table structure for table `calificaciones_semestrales`
--

DROP TABLE IF EXISTS `calificaciones_semestrales`;
/*!40101 SET @saved_cs_client     = @@character_set_client */;
/*!50503 SET character_set_client = utf8mb4 */;
CREATE TABLE `calificaciones_semestrales` (
  `calificacion_clave` int DEFAULT NULL,
  `calificacion` double DEFAULT NULL,
  UNIQUE KEY `calificacion_clave_UNIQUE` (`calificacion_clave`),
  KEY `calificacion_clave` (`calificacion_clave`),
  CONSTRAINT `tf` FOREIGN KEY (`calificacion_clave`) REFERENCES `calificaciones` (`calificacion_clave`)
) ENGINE=InnoDB DEFAULT CHARSET=utf8mb4 COLLATE=utf8mb4_0900_ai_ci;
/*!40101 SET character_set_client = @saved_cs_client */;

--
-- Dumping data for table `calificaciones_semestrales`
--

LOCK TABLES `calificaciones_semestrales` WRITE;
/*!40000 ALTER TABLE `calificaciones_semestrales` DISABLE KEYS */;
INSERT INTO `calificaciones_semestrales` VALUES (347,9),(350,9),(352,9),(359,9),(361,0),(358,0),(360,0);
/*!40000 ALTER TABLE `calificaciones_semestrales` ENABLE KEYS */;
UNLOCK TABLES;

--
-- Temporary view structure for view `calificaciones_semestrales_view`
--

DROP TABLE IF EXISTS `calificaciones_semestrales_view`;
/*!50001 DROP VIEW IF EXISTS `calificaciones_semestrales_view`*/;
SET @saved_cs_client     = @@character_set_client;
/*!50503 SET character_set_client = utf8mb4 */;
/*!50001 CREATE VIEW `calificaciones_semestrales_view` AS SELECT 
 1 AS `calificacion_clave`,
 1 AS `clave_alumno`,
 1 AS `semestre`,
 1 AS `periodo`,
 1 AS `materia`,
 1 AS `nombre_abr`,
 1 AS `calificacion`*/;
SET character_set_client = @saved_cs_client;

--
-- Table structure for table `calificaciones_tipos`
--

DROP TABLE IF EXISTS `calificaciones_tipos`;
/*!40101 SET @saved_cs_client     = @@character_set_client */;
/*!50503 SET character_set_client = utf8mb4 */;
CREATE TABLE `calificaciones_tipos` (
  `tipo` varchar(45) NOT NULL,
  PRIMARY KEY (`tipo`),
  UNIQUE KEY `calificaciones-tipos_UNIQUE` (`tipo`)
) ENGINE=InnoDB DEFAULT CHARSET=utf8mb4 COLLATE=utf8mb4_0900_ai_ci;
/*!40101 SET character_set_client = @saved_cs_client */;

--
-- Dumping data for table `calificaciones_tipos`
--

LOCK TABLES `calificaciones_tipos` WRITE;
/*!40000 ALTER TABLE `calificaciones_tipos` DISABLE KEYS */;
INSERT INTO `calificaciones_tipos` VALUES ('A/NA'),('Numérica');
/*!40000 ALTER TABLE `calificaciones_tipos` ENABLE KEYS */;
UNLOCK TABLES;

--
-- Temporary view structure for view `calificaciones_view`
--

DROP TABLE IF EXISTS `calificaciones_view`;
/*!50001 DROP VIEW IF EXISTS `calificaciones_view`*/;
SET @saved_cs_client     = @@character_set_client;
/*!50503 SET character_set_client = utf8mb4 */;
/*!50001 CREATE VIEW `calificaciones_view` AS SELECT 
 1 AS `calificacion_clave`,
 1 AS `clave_alumno`,
 1 AS `orden`,
 1 AS `materia`,
 1 AS `nombre_abr`,
 1 AS `semestre`,
 1 AS `tipo_calificacion`,
 1 AS `periodo`*/;
SET character_set_client = @saved_cs_client;

--
-- Table structure for table `currentperiodo`
--

DROP TABLE IF EXISTS `currentperiodo`;
/*!40101 SET @saved_cs_client     = @@character_set_client */;
/*!50503 SET character_set_client = utf8mb4 */;
CREATE TABLE `currentperiodo` (
  `periodo` varchar(40) NOT NULL,
  PRIMARY KEY (`periodo`),
  CONSTRAINT `period` FOREIGN KEY (`periodo`) REFERENCES `periodos` (`periodo`)
) ENGINE=InnoDB DEFAULT CHARSET=utf8mb4 COLLATE=utf8mb4_0900_ai_ci;
/*!40101 SET character_set_client = @saved_cs_client */;

--
-- Dumping data for table `currentperiodo`
--

LOCK TABLES `currentperiodo` WRITE;
/*!40000 ALTER TABLE `currentperiodo` DISABLE KEYS */;
INSERT INTO `currentperiodo` VALUES ('Ago21-Dic21');
/*!40000 ALTER TABLE `currentperiodo` ENABLE KEYS */;
UNLOCK TABLES;

--
-- Table structure for table `dias_clase`
--

DROP TABLE IF EXISTS `dias_clase`;
/*!40101 SET @saved_cs_client     = @@character_set_client */;
/*!50503 SET character_set_client = utf8mb4 */;
CREATE TABLE `dias_clase` (
  `id` int NOT NULL AUTO_INCREMENT,
  `dia` varchar(10) NOT NULL,
  PRIMARY KEY (`id`),
  UNIQUE KEY `dia` (`dia`),
  UNIQUE KEY `id_UNIQUE` (`id`)
) ENGINE=InnoDB AUTO_INCREMENT=6 DEFAULT CHARSET=utf8mb4 COLLATE=utf8mb4_0900_ai_ci;
/*!40101 SET character_set_client = @saved_cs_client */;

--
-- Dumping data for table `dias_clase`
--

LOCK TABLES `dias_clase` WRITE;
/*!40000 ALTER TABLE `dias_clase` DISABLE KEYS */;
INSERT INTO `dias_clase` VALUES (4,'JUEVES'),(1,'LUNES'),(2,'MARTES'),(3,'MIÉRCOLES'),(5,'VIERNES');
/*!40000 ALTER TABLE `dias_clase` ENABLE KEYS */;
UNLOCK TABLES;

--
-- Temporary view structure for view `dias_clase_view`
--

DROP TABLE IF EXISTS `dias_clase_view`;
/*!50001 DROP VIEW IF EXISTS `dias_clase_view`*/;
SET @saved_cs_client     = @@character_set_client;
/*!50503 SET character_set_client = utf8mb4 */;
/*!50001 CREATE VIEW `dias_clase_view` AS SELECT 
 1 AS `dia`*/;
SET character_set_client = @saved_cs_client;

--
-- Table structure for table `evaluaciones`
--

DROP TABLE IF EXISTS `evaluaciones`;
/*!40101 SET @saved_cs_client     = @@character_set_client */;
/*!50503 SET character_set_client = utf8mb4 */;
CREATE TABLE `evaluaciones` (
  `evaluacion` varchar(30) NOT NULL,
  PRIMARY KEY (`evaluacion`)
) ENGINE=InnoDB DEFAULT CHARSET=utf8mb4 COLLATE=utf8mb4_0900_ai_ci;
/*!40101 SET character_set_client = @saved_cs_client */;

--
-- Dumping data for table `evaluaciones`
--

LOCK TABLES `evaluaciones` WRITE;
/*!40000 ALTER TABLE `evaluaciones` DISABLE KEYS */;
INSERT INTO `evaluaciones` VALUES ('1ra'),('2ra'),('3ra');
/*!40000 ALTER TABLE `evaluaciones` ENABLE KEYS */;
UNLOCK TABLES;

--
-- Temporary view structure for view `grupo_asignaturas`
--

DROP TABLE IF EXISTS `grupo_asignaturas`;
/*!50001 DROP VIEW IF EXISTS `grupo_asignaturas`*/;
SET @saved_cs_client     = @@character_set_client;
/*!50503 SET character_set_client = utf8mb4 */;
/*!50001 CREATE VIEW `grupo_asignaturas` AS SELECT 
 1 AS `grupo`,
 1 AS `materia`,
 1 AS `nombre_abr`,
 1 AS `profesor`,
 1 AS `nombre_completo`,
 1 AS `aula`,
 1 AS `dia`,
 1 AS `hora`,
 1 AS `hora_c`*/;
SET character_set_client = @saved_cs_client;

--
-- Table structure for table `grupos`
--

DROP TABLE IF EXISTS `grupos`;
/*!40101 SET @saved_cs_client     = @@character_set_client */;
/*!50503 SET character_set_client = utf8mb4 */;
CREATE TABLE `grupos` (
  `semestre` int DEFAULT NULL,
  `grupo` varchar(3) NOT NULL,
  `turno` varchar(15) DEFAULT NULL,
  PRIMARY KEY (`grupo`),
  KEY `semestre_idx` (`semestre`),
  KEY `turno_idx` (`turno`),
  CONSTRAINT `fd` FOREIGN KEY (`turno`) REFERENCES `turnos` (`turno`),
  CONSTRAINT `semestre_a` FOREIGN KEY (`semestre`) REFERENCES `semestres` (`semestre`)
) ENGINE=InnoDB DEFAULT CHARSET=utf8mb4 COLLATE=utf8mb4_0900_ai_ci;
/*!40101 SET character_set_client = @saved_cs_client */;

--
-- Dumping data for table `grupos`
--

LOCK TABLES `grupos` WRITE;
/*!40000 ALTER TABLE `grupos` DISABLE KEYS */;
INSERT INTO `grupos` VALUES (1,'101','M'),(1,'102','M'),(1,'103','M'),(1,'104','M'),(1,'105','M'),(1,'131','V'),(1,'132','V'),(1,'133','V'),(1,'134','V'),(1,'135','V'),(3,'301','M'),(3,'302','M'),(3,'303','M'),(3,'304','M'),(3,'305','M'),(3,'331','V'),(3,'332','V'),(3,'333','V'),(3,'334','V'),(3,'335','V'),(5,'501','M'),(5,'502','M'),(5,'503','M'),(5,'504','M'),(5,'505','M'),(5,'531','V'),(5,'532','V'),(5,'533','V'),(5,'534','V'),(5,'535','V');
/*!40000 ALTER TABLE `grupos` ENABLE KEYS */;
UNLOCK TABLES;

--
-- Temporary view structure for view `grupos_visible_view`
--

DROP TABLE IF EXISTS `grupos_visible_view`;
/*!50001 DROP VIEW IF EXISTS `grupos_visible_view`*/;
SET @saved_cs_client     = @@character_set_client;
/*!50503 SET character_set_client = utf8mb4 */;
/*!50001 CREATE VIEW `grupos_visible_view` AS SELECT 
 1 AS `grupo`,
 1 AS `semestre`,
 1 AS `turno`,
 1 AS `alumnos`*/;
SET character_set_client = @saved_cs_client;

--
-- Table structure for table `horarios`
--

DROP TABLE IF EXISTS `horarios`;
/*!40101 SET @saved_cs_client     = @@character_set_client */;
/*!50503 SET character_set_client = utf8mb4 */;
CREATE TABLE `horarios` (
  `dia` varchar(10) DEFAULT NULL,
  `hora` varchar(2) DEFAULT NULL,
  `materia` varchar(45) DEFAULT NULL,
  `grupo` varchar(3) DEFAULT NULL,
  KEY `hora` (`hora`),
  KEY `horarios_ibfk_2` (`dia`),
  KEY `materiia_idx` (`materia`),
  KEY `grupo_idx` (`grupo`),
  CONSTRAINT `grupo` FOREIGN KEY (`grupo`) REFERENCES `grupos` (`grupo`),
  CONSTRAINT `materiia` FOREIGN KEY (`materia`) REFERENCES `materias` (`clave_materia`)
) ENGINE=InnoDB DEFAULT CHARSET=utf8mb4 COLLATE=utf8mb4_0900_ai_ci;
/*!40101 SET character_set_client = @saved_cs_client */;

--
-- Dumping data for table `horarios`
--

LOCK TABLES `horarios` WRITE;
/*!40000 ALTER TABLE `horarios` DISABLE KEYS */;
INSERT INTO `horarios` VALUES ('LUNES','3','LI1','304'),('LUNES','4','LI1','305'),('MARTES','1','LI1','303'),('MARTES','2','LI1','304'),('MARTES','3','LI1','302'),('MARTES','4','LI1','301'),('MIRCOLES','1','LI1','301'),('MIRCOLES','2','LI1','305'),('MIRCOLES','3','LI1','304'),('JUEVES','1','LI1','303'),('JUEVES','3','LI1','301'),('VIERNES','1','LI1','302'),('VIERNES','2','LI1','302'),('VIERNES','3','LI1','305'),('VIERNES','4','LI1','303'),('LUNES','6','ESM','504'),('MARTES','2','ESM','502'),('MARTES','3','ESM','501'),('MARTES','4','ESM','504'),('MARTES','6','ESM','505'),('MIRCOLES','3','ESM','502'),('MIRCOLES','4','ESM','503'),('JUEVES','3','ESM','504'),('JUEVES','4','ESM','503'),('JUEVES','5','ESM','505'),('JUEVES','6','ESM','501'),('VIERNES','1','ESM','502'),('VIERNES','2','ESM','503'),('VIERNES','5','ESM','501'),('VIERNES','6','ESM','505'),('LUNES','1','CO1','503'),('MARTES','1','CO1','503'),('JUEVES','2','CO1','503'),('LUNES','3','BI1','305'),('LUNES','4','BI1','303'),('LUNES','5','BI1','301'),('LUNES','6','BI1','302'),('LUNES','7','BI1','304'),('MARTES','5','BI1','301'),('MARTES','6','BI1','305'),('MARTES','7','BI1','304'),('MIRCOLES','6','BI1','303'),('MIRCOLES','7','BI1','302'),('JUEVES','1','BI1','302'),('JUEVES','2','BI1','303'),('JUEVES','4','BI1','305'),('JUEVES','6','BI1','301'),('JUEVES','7','BI1','304'),('VIERNES','2','BI1','304'),('VIERNES','3','BI1','301'),('VIERNES','4','BI1','305'),('VIERNES','5','BI1','302'),('VIERNES','7','BI1','303'),('LUNES','4','LA3','304'),('LUNES','5','EC1','505'),('LUNES','6','LA3','305'),('LUNES','7','LA3','302'),('MARTES','3','LA3','304'),('MARTES','4','LA3','303'),('MARTES','5','LA3','303'),('MIRCOLES','3','EC1','505'),('MIRCOLES','6','LA3','302'),('MIRCOLES','7','LA3','305'),('JUEVES','3','LA3','305'),('JUEVES','4','LA3','304'),('JUEVES','6','EC1','505'),('JUEVES','7','LA3','303'),('VIERNES','7','LA3','302'),('LUNES','4','GEO','504'),('LUNES','5','GEO','504'),('MARTES','5','GEO','501'),('MARTES','6','GEO','503'),('MIRCOLES','4','GEO','505'),('MIRCOLES','5','GEO','503'),('MIRCOLES','6','GEO','501'),('JUEVES','4','GEO','505'),('JUEVES','5','GEO','504'),('JUEVES','6','GEO','503'),('VIERNES','5','GEO','505'),('VIERNES','6','GEO','501'),('LUNES','1','CAD','504'),('LUNES','2','CAD','501'),('LUNES','3','MA3','301'),('LUNES','4','MA3','302'),('LUNES','5','MA3','305'),('MARTES','1','CAD','501'),('MARTES','2','CAD','501'),('MARTES','3','MA3','301'),('MARTES','4','MA3','302'),('MARTES','5','MA3','305'),('MIRCOLES','1','MA3','302'),('MIRCOLES','2','MA3','301'),('MIRCOLES','3','MA3','305'),('MIRCOLES','4','MA3','305'),('JUEVES','2','CAD','504'),('JUEVES','3','MA3','302'),('VIERNES','1','MA3','301'),('VIERNES','2','MA3','301'),('VIERNES','3','CAD','504'),('VIERNES','4','MA3','302'),('VIERNES','5','MA3','305'),('MARTES','3','EC1','503'),('MARTES','4','EC1','501'),('MARTES','5','EC1','502'),('MARTES','6','EC1','502'),('JUEVES','3','EC1','501'),('JUEVES','4','EC1','501'),('JUEVES','5','EC1','503'),('VIERNES','5','EC1','503'),('VIERNES','6','EC1','502'),('LUNES','1','FI1','303'),('LUNES','2','FI1','303'),('LUNES','3','FI1','302'),('LUNES','4','FI1','301'),('LUNES','5','SF1','501'),('LUNES','6','SF1','501'),('MARTES','1','FI1','301'),('MARTES','2','FI1','301'),('MARTES','3','FI1','305'),('MARTES','4','FI1','305'),('MARTES','5','FI1','302'),('MARTES','6','FI1','302'),('MIRCOLES','1','FI1','304'),('MIRCOLES','2','FI1','304'),('MIRCOLES','3','FI1','301'),('MIRCOLES','4','FI1','302'),('MIRCOLES','5','SF1','502'),('MIRCOLES','6','FI1','305'),('JUEVES','1','SF1','502'),('JUEVES','2','SF1','501'),('JUEVES','3','FI1','304'),('JUEVES','4','FI1','303'),('JUEVES','5','FI1','302'),('JUEVES','6','FI1','305'),('JUEVES','7','FI1','301'),('VIERNES','1','FI1','305'),('VIERNES','2','FI1','303'),('VIERNES','3','FI1','303'),('VIERNES','4','SF1','502'),('VIERNES','5','FI1','304'),('VIERNES','6','FI1','304'),('LUNES','4','CAD','503'),('LUNES','5','CAD','503'),('MIRCOLES','3','CAD','503'),('LUNES','1','SQ1','502'),('LUNES','6','SQ1','505'),('MIRCOLES','2','SQ1','505'),('JUEVES','3','SQ1','502'),('VIERNES','1','SQ1','505'),('VIERNES','3','SQ1','502'),('LUNES','1','HM1','304'),('MARTES','1','HM1','304'),('VIERNES','1','HM1','304'),('LUNES','1','SF1','505'),('LUNES','2','SF1','503'),('LUNES','3','MA3','303'),('LUNES','5','MA3','304'),('LUNES','6','MA3','304'),('MARTES','2','MA3','303'),('MARTES','3','SF1','504'),('MARTES','5','MA3','304'),('MARTES','6','MA3','304'),('MIRCOLES','1','SF1','505'),('MIRCOLES','2','MA3','303'),('MIRCOLES','3','MA3','303'),('MIRCOLES','4','SF1','504'),('JUEVES','3','MA3','303'),('JUEVES','6','MA3','304'),('VIERNES','2','SF1','505'),('VIERNES','3','SF1','503'),('VIERNES','4','SF1','503'),('VIERNES','5','SF1','504'),('LUNES','3','GEO','502'),('MIRCOLES','6','GEO','502'),('JUEVES','5','GEO','502'),('LUNES','1','HM1','302'),('LUNES','2','HM1','302'),('LUNES','5','HM1','303'),('LUNES','6','HM1','303'),('MIRCOLES','4','HM1','303'),('MIRCOLES','5','HM1','305'),('MIRCOLES','6','HM1','301'),('JUEVES','1','HM1','305'),('JUEVES','2','HM1','301'),('VIERNES','3','HM1','302'),('VIERNES','5','HM1','301'),('VIERNES','6','HM1','305'),('JUEVES','1','LR1','102'),('JUEVES','2','LR1','102'),('JUEVES','3','LR1','102'),('JUEVES','4','LR1','102'),('JUEVES','5','LR1','102'),('VIERNES','1','ORI','103'),('LUNES','1','LR1','103'),('MARTES','1','LR1','103'),('MIÉRCOLES','1','MEI','103'),('JUEVES','1','MA1','103'),('VIERNES','2','LR1','103'),('LUNES','2','ORI','103'),('MARTES','2','QU1','103'),('MIÉRCOLES','2','LR1','103'),('JUEVES','2','PA1','103'),('VIERNES','3','LR1','103'),('LUNES','3','TUI','103'),('MARTES','3','PA1','103'),('MIÉRCOLES','3','MA1','103'),('JUEVES','3','MEI','103'),('VIERNES','4','PA1','103'),('LUNES','4','MA1','103'),('MARTES','4','ORI','103'),('MIÉRCOLES','4','PA1','103'),('JUEVES','4','ORI','103'),('VIERNES','5','TUI','103'),('LUNES','5','MEI','103'),('MARTES','5','PA1','103'),('MIÉRCOLES','5','LR1','103'),('JUEVES','5','PA1','103');
/*!40000 ALTER TABLE `horarios` ENABLE KEYS */;
UNLOCK TABLES;

--
-- Temporary view structure for view `horarios_view`
--

DROP TABLE IF EXISTS `horarios_view`;
/*!50001 DROP VIEW IF EXISTS `horarios_view`*/;
SET @saved_cs_client     = @@character_set_client;
/*!50503 SET character_set_client = utf8mb4 */;
/*!50001 CREATE VIEW `horarios_view` AS SELECT 
 1 AS `grupo`,
 1 AS `materia`,
 1 AS `nombre_abr`,
 1 AS `dia`,
 1 AS `hora`,
 1 AS `hora_c`*/;
SET character_set_client = @saved_cs_client;

--
-- Table structure for table `horas_clase`
--

DROP TABLE IF EXISTS `horas_clase`;
/*!40101 SET @saved_cs_client     = @@character_set_client */;
/*!50503 SET character_set_client = utf8mb4 */;
CREATE TABLE `horas_clase` (
  `orden` varchar(2) NOT NULL,
  `turno` varchar(15) DEFAULT NULL,
  `inicio` time DEFAULT NULL,
  `fin` time DEFAULT NULL,
  PRIMARY KEY (`orden`),
  UNIQUE KEY `hora` (`orden`),
  KEY `turno_idx` (`turno`),
  CONSTRAINT `turno` FOREIGN KEY (`turno`) REFERENCES `turnos` (`turno`)
) ENGINE=InnoDB DEFAULT CHARSET=utf8mb4 COLLATE=utf8mb4_0900_ai_ci;
/*!40101 SET character_set_client = @saved_cs_client */;

--
-- Dumping data for table `horas_clase`
--

LOCK TABLES `horas_clase` WRITE;
/*!40000 ALTER TABLE `horas_clase` DISABLE KEYS */;
INSERT INTO `horas_clase` VALUES ('1','M','07:30:00','08:20:00'),('2','M','08:20:00','09:10:00'),('3','M','09:35:00','10:25:00'),('4','M','10:25:00','11:15:00'),('5','M','11:30:00','12:20:00'),('6','V','12:20:00','13:10:00');
/*!40000 ALTER TABLE `horas_clase` ENABLE KEYS */;
UNLOCK TABLES;

--
-- Temporary view structure for view `horas_clase_visible_view`
--

DROP TABLE IF EXISTS `horas_clase_visible_view`;
/*!50001 DROP VIEW IF EXISTS `horas_clase_visible_view`*/;
SET @saved_cs_client     = @@character_set_client;
/*!50503 SET character_set_client = utf8mb4 */;
/*!50001 CREATE VIEW `horas_clase_visible_view` AS SELECT 
 1 AS `orden`,
 1 AS `turno`,
 1 AS `inicio`,
 1 AS `fin`,
 1 AS `hora`*/;
SET character_set_client = @saved_cs_client;

--
-- Table structure for table `materia_profesor`
--

DROP TABLE IF EXISTS `materia_profesor`;
/*!40101 SET @saved_cs_client     = @@character_set_client */;
/*!50503 SET character_set_client = utf8mb4 */;
CREATE TABLE `materia_profesor` (
  `materia` varchar(20) NOT NULL,
  `profesor` varchar(6) NOT NULL,
  PRIMARY KEY (`materia`,`profesor`),
  KEY `profesor` (`profesor`),
  CONSTRAINT `materia_profesor_ibfk_1` FOREIGN KEY (`materia`) REFERENCES `materias` (`clave_materia`),
  CONSTRAINT `materia_profesor_ibfk_2` FOREIGN KEY (`profesor`) REFERENCES `profesores` (`clave_profesor`)
) ENGINE=InnoDB DEFAULT CHARSET=utf8mb4 COLLATE=utf8mb4_0900_ai_ci;
/*!40101 SET character_set_client = @saved_cs_client */;

--
-- Dumping data for table `materia_profesor`
--

LOCK TABLES `materia_profesor` WRITE;
/*!40000 ALTER TABLE `materia_profesor` DISABLE KEYS */;
INSERT INTO `materia_profesor` VALUES ('ÉT1','ABA'),('ÉT1','ACO'),('IN1','AGRC'),('IN1','AIFN'),('LA1','AJM'),('LA1','ALRC'),('OR3','ALRC'),('AOR','AMLB'),('TU3','AMMR'),('PA1','ARM'),('TUI','ARM'),('OR3','ARME'),('LR1','AXFE'),('PA3','AXFE'),('BI1','BLRC'),('LR1','CAMG'),('TUI','CAPB'),('BI1','CCS'),('HM1','CGG'),('PA3','CGG'),('LA3','CNL'),('MEI','CNL'),('LA3','DGC'),('PA1','DGC'),('LI1','ECSR'),('MA1','ECSR'),('LI1','ELTC'),('MA1','ELTC'),('HM1','EYEG'),('MEI','EYEG'),('TU3','EYEG'),('FI1','FJGR'),('ROP','FJGR'),('FI1','GMGA'),('ROP','GMS'),('MA3','JCCC'),('ORI','JCCC'),('ORI','JICC'),('QU1','JICC'),('MA3','JLAB'),('QU1','LALP');
/*!40000 ALTER TABLE `materia_profesor` ENABLE KEYS */;
UNLOCK TABLES;

--
-- Temporary view structure for view `materia_profesor_view`
--

DROP TABLE IF EXISTS `materia_profesor_view`;
/*!50001 DROP VIEW IF EXISTS `materia_profesor_view`*/;
SET @saved_cs_client     = @@character_set_client;
/*!50503 SET character_set_client = utf8mb4 */;
/*!50001 CREATE VIEW `materia_profesor_view` AS SELECT 
 1 AS `materia`,
 1 AS `nombre_abr`,
 1 AS `profesor`,
 1 AS `nombre_completo`*/;
SET character_set_client = @saved_cs_client;

--
-- Table structure for table `materias`
--

DROP TABLE IF EXISTS `materias`;
/*!40101 SET @saved_cs_client     = @@character_set_client */;
/*!50503 SET character_set_client = utf8mb4 */;
CREATE TABLE `materias` (
  `clave_materia` varchar(20) NOT NULL,
  `nombre_materia` varchar(100) DEFAULT NULL,
  `nombre_abr` varchar(70) DEFAULT NULL,
  `tipo_calificacion` varchar(45) DEFAULT NULL,
  PRIMARY KEY (`clave_materia`),
  UNIQUE KEY `materia_UNIQUE` (`clave_materia`),
  KEY `tipo_calificacion` (`tipo_calificacion`),
  CONSTRAINT `materias_ibfk_1` FOREIGN KEY (`tipo_calificacion`) REFERENCES `calificaciones_tipos` (`tipo`)
) ENGINE=InnoDB DEFAULT CHARSET=utf8mb4 COLLATE=utf8mb4_0900_ai_ci;
/*!40101 SET character_set_client = @saved_cs_client */;

--
-- Dumping data for table `materias`
--

LOCK TABLES `materias` WRITE;
/*!40000 ALTER TABLE `materias` DISABLE KEYS */;
INSERT INTO `materias` VALUES ('AEI','APLICACIONES ESPECIFICAS CON PROGRAMAS INTEGRADOS','APLIC.ESP C/P INT.',NULL),('AG1','APLICACIONES GRAFICAS CON PROGRAMAS INTEGRADOS I','APLIC. GRA P. INT 1',NULL),('AI','APRENDE A INTERVENIR','Aprende a Intervenir',NULL),('AOR','ADMINISTRACION DE ORGANIZACIONES','Ad. de Organización','Numérica'),('APP','APLICA LOS PRINCIPIOS DE EPIDEMIOLOGIA DE ENFERMEDADES','Apl. Pcios. Epidem.',NULL),('APS','APLICA EL SANEAMIENTO EN LA PREVENCION DE ENFERMEDADES','Ap. Saneamiento Bás.',NULL),('ASE','ANALIZA EL SISTEMA EDUCATIVO NACIONAL','Analiza Sis Educ Nac',NULL),('ASP','ANALIZA SISTEMA DE POLIZAS','Anal. Sist. Polizas','Numérica'),('ATC','APLICAR LA TEORIA DE COLOR EN REPRESENTACIONES GRAFICAS','Apl.Teoria del Color',NULL),('BAF','BASES ANATOMICAS Y FISIOLOGICAS Y EL PROCESO SALUD-ENFERMEDAD','B Anatómicas Fisiol.',NULL),('BD1','BASE DE DATOS I','BASE DE DATOS I',NULL),('BD2','BASE DE DATOS II','BASE DE DATOS II',NULL),('BI1','BIOLOGIA I','Biología I','Numérica'),('BI2','BIOLOGIA II','Biología II',NULL),('CAD','CALCULO DIFERENCIAL','Cálculo Diferencial',NULL),('CAI','CALCULO INTEGRAL','Cálculo Integral',NULL),('CC','ANALIZA EL ESTADO DE ORIGEN Y EL CAPITAL CONTABLE','Edo Capital Contable','Numérica'),('CC1','CIENCIAS DE LA COMUNICACION I','C.de la Cominucacion',NULL),('CDC','CONTABILIDAD DE COSTOS','Contabilidad Costos',NULL),('CGR','COMUNICACIÓN GRAFICA','Comunicación Grafica',NULL),('CII','CIENCIAS DE LA COMUNICACIÓN II','C. Comunicación II',NULL),('CIS','CIENCIAS DE LA SALUD II','Cs. de la Salud II',NULL),('CN','CALCULO DE NOMINA','Cálculo de Nómina',NULL),('CO1','CONTABILIDAD I','Contabilidad I',NULL),('CO2','CONTABILIDAD II','Contabilidad II',NULL),('CPG','CUIDADO DEL PACIENTE GERIATRICO','Cuid.Pac. Geriátrico',NULL),('CSI','CIENCIAS DE LA SALUD I','Ciencias Salud I',NULL),('CV','COMUNIDADES VIRTUALES','Comuni. Virtuales',NULL),('DB','DESARROLLAR BOCETOS','Desarr.Bocetos',NULL),('DCE','DESARROLLO Y CARACTERISTICAS DE DOCUMENTOS ELECTRONICOS','Des. Carac. Doc. Ele',NULL),('DDI','DISEŃO DIGITAL','Diseńo Digital',NULL),('DDP','DISEŃAR DISPLAY E ILUSTRACIONES PARA DUMMIES','D.Display e Ilst.',NULL),('DE2','DERECHO II','Derecho II',NULL),('DEE','DESARROLLO EMPRESARIAL','Des. Empresarial',NULL),('DEF','DETECTA FAC. DE RIESG. EN LA SALUD MATERNO INFANTIL','Det.Fac.r_sal. Mat I',NULL),('DEI','DERECHO I','Derecho I',NULL),('DFO','DISEŃAR FORMAS Y FIGURAS','Dis.Formas y Fig.',NULL),('DI1','DIBUJO I','Dibujo I',NULL),('DIA','DISEŃO DE UNA PROPUESTA DE INTERVENCION EN EL AULA','Diseńo Prop. Int. Au',NULL),('DIE','DISEŃO DE UNA PROPUESTA DE INTERVENCION ESCOLAR','Diseńo Prop. Int. Es',NULL),('DII','DIBUJO II','Dibujo II',NULL),('DMA','DIBUJAR MODELOS AL NATURAL','Dibujar Modelos',NULL),('DPR','DISEŃAR PROYECTOS DE DIFUSIÓN MASIVA','Dis. Proyectos',NULL),('DPS','DISEŃO DE PRODUCTO SUSTENTABLE','Dis.Prod Sustentable',NULL),('E2','ÉTICA II','Ética II',NULL),('EC1','ECONOMIA I','Economía I',NULL),('EC2','ECONOMIA II','Economía II',NULL),('ECI','REGISTAR OPERACIONES ESPECIALES Y CALCULAR EL INTERES','Op.Esp y Cal.Interes',NULL),('EDP','ELABORAR DOCUMENTOS EN PROCESADORES DE TEXTO','ELAB.DOC.PROC. TEXTO',NULL),('ELN','ELABORAR NOMINAS','Elaborar Nóminas',NULL),('ELS','ELABORAR LIQUIDACIONES DE SEGURO SOCIAL','Elab.Liq.seg. Soc.',NULL),('EMA','ECOLOGIA Y MEDIO AMBIENTE','Eco. y Med. Ambiente',NULL),('EPI','EPIDEMIOLOGIA','Epidemiología',NULL),('EPW','ELABORACION DE PAGINAS WEB','Elab. de Pag. Web',NULL),('ERF','ELABORAR ESTADOS FINANCIEROS','Elab.Edos. Financ.',NULL),('ESC','REALIZAR ESTUDIOS DE COMUNIDAD','Real. Est. Comunidad',NULL),('ESM','ESTRUCTURA SOCIOECONOMICA DE MEXICO','Esem',NULL),('ÉT1','ÉTICA I','Ética I','A/NA'),('ÉT2','ÉTICA II','Ética II',NULL),('EV1','ETICA Y VALORES I','Etica y Valores I',NULL),('EV2','ETICA Y VALORES II','Etica y Valores II',NULL),('FBD','FUNDAMENTOS BASICOS DEL DISEŃO','Fun. Básicos Diseńo','Numérica'),('FCC','ESTRUCTURAR FUNCIONES COMPLEJAS DEL CUERPO HUMANO','Fun. Complejas C.H.',NULL),('FCH','CONOCER ESTRUCTURAS Y FUNCIONES BASICAS DEL CUERPO HUMANO','Funciones Basicas CH',NULL),('FI1','FISICA I','Física I','Numérica'),('FI2','FISICA II','Física II',NULL),('FI3','FISICA III','Física III',NULL),('FIL','FILOSOFIA','Filosofía',NULL),('FSO','DIFERENCIAR LAS FUNCIONES DEL SISTEMA OPERATIVO','Funciones Sist. Op.',NULL),('GAT','GESTION DE ARCHIVOS DE TEXTO','Gstión de A. Texto','Numérica'),('GEO','GEOGRAFIA','Geografía',NULL),('GPE','GESTIONAR PROCESOS EMPRESARIALES','Gest. Proce. Empresa',NULL),('GTF','GESTIONAR TRAMITES FISCALES Y ADMINISTRATIVOS','G Tram. Fis. y Adm.',NULL),('H4','DETECTA F. DE R. EN LA SALUD MATERNO INFANTIL','Det.Fact salud infan',NULL),('HCA','HOJAS DE CALCULO APLICADO','Hojas Cál. Aplicado','Numérica'),('HCO','OPERAR HOJAS DE CALCULO','Op. Hojas Cálculo',NULL),('HM1','HISTORIA DE MEXICO I','Hist. de México I','Numérica'),('HM2','HISTORIA DE MEXICO II','Hist. de México II',NULL),('HUM','HISTORIA UNIVERSAL CONTEMPORANEA','Hist. Univ. Con.',NULL),('IA','INTERVENCION EN EL AULA','Intervención Aula',NULL),('ICS','INTRODUCCION A LAS CIENCIAS SOCIALES','Int. Cs. Sociales',NULL),('IE','INTERVENCION ESCOLAR','Intervención Esc.',NULL),('IEP','REALIZAR INTERVENCION EDUCATIVA EN PREESCOLAR','Int. Educ.Preescolar',NULL),('IES','INTERVENCION EDUCATIVA EN LA SECUNDARIA','Int. Educ.Secundaria',NULL),('IG2','INGLES II','Ingles II',NULL),('IM1','IMPUESTOS I','Impuestos I',NULL),('IM2','IMPUESTOS II','Impuestos II',NULL),('IN1','INFORMATICA I','Informática I','A/NA'),('IN2','INFORMATICA II','Informática II',NULL),('INP','INTERVENCION EDUCATIVA EN LA PRIMARIA','Int. Educ. Primaria',NULL),('INR','INTRODUCCION A LAS REDES','INT. A REDES',NULL),('INS','INTERVENCION EDUCATIVA EN SECUNDARIA','Int. Educ.Secundaria',NULL),('LA1','INGLES I','Ingles I','Numérica'),('LA2','LENGUA ADICIONAL AL ESPAŃOL II','Ingles II',NULL),('LA3','INGLES III','Ingles III','Numérica'),('LA4','INGLES IV','Ingles IV',NULL),('LCP','LOGICA COMPUTACIONAL Y PROGRAMACION','LOGICA COMP. PROG.',NULL),('LI1','LITERATURA I','Literatura I','Numérica'),('LI2','LITERATURA II','Literatura II',NULL),('LR1','TALLER DE LECTURA Y REDACCION I','T. Lect. y Red. I','Numérica'),('LR2','TALLER DE LECTURA Y REDACCION II','T. Lect. y Red. II',NULL),('MA1','MATEMATICAS I','Matemáticas I','Numérica'),('Ma2','Mataenaticas II','Mataenaticas II','Numérica'),('MA3','MATEMATICAS III','Matemáticas III','Numérica'),('MA4','MATEMATICAS IV','Matemáticas IV','Numérica'),('MEI','METODOLOGIA DE LA INVESTIGACION','Met. de la Inv.','Numérica'),('MRC','MANTENIMIENTO Y REDES DE COMPUTO','Manten. Redes Comp.',NULL),('MSU','INTERVENCION EDUCATIVA EN EL NIVEL MEDIO SUPERIOR','In.Ed.Medio Superior',NULL),('NIE','NOCIONES DE LA INTERVENCION EDUCATIVA','Nociones Int. Educ.',NULL),('NUT','NUTRICION','Nutrición',NULL),('OCC','REGISTRAR OPERACIONES DE CREDITO Y COBRANZA','Reg.Op.Credito y Cob',NULL),('OE1','ORIENTACION EDUCATIVA I','Orient. Educ. I',NULL),('OE2','ORIENTACION EDUCATIVA II','Orient. Educ. II',NULL),('OEC','OPERACION DEL EQUIPO DE COMPUTO','Oper.Eq. de Computo',NULL),('OHC','OPERAR LAS HERRAMIENTAS DE COMPUTO','Operar Herram. Com.',NULL),('OR2','ORIENTACION','Orientación II',NULL),('OR3','ORIENTACION III','Orientación III','A/NA'),('OR4','ORIENTACION IV','Orientación IV',NULL),('OR5','ORIENTACION V','Orientación V',NULL),('OR6','ORIENTACION VI','Orientación VI',NULL),('ORI','ORIENTACIÓN I','Orientación I','A/NA'),('P5','ACTIVIDADES PARAESCOLARES V','Paraescolares V',NULL),('PA1','PARAESCOLARES I','Paraescolares I','Numérica'),('PA2','PARAESCOLARES II','Paraescolares II',NULL),('PA3','PARAESCOLARES III','Paraescolares III','A/NA'),('PA4','PARAESCOLARES IV','Paraescolares IV',NULL),('PA5','PARAESCOLARES V','Paraescolares V',NULL),('PA6','PARAESCOLARES VI','Paraescolares VI',NULL),('PAM','PRODUCCION DE ANIMACIONES CON ELEMENTOS MULTIMEDIA','Prod.Animac.Ele.Mult',NULL),('PDM','PRODUCTOS DE DIFUSION MASIVA','Prod. de dif.masiva',NULL),('PEC','PRESERVAR EL EQUIPO DE COMPUTO','Preservar Eq.Computo',NULL),('PEI','PROGRAMAS DE EDICIÓN DE IMAGENES','Prog.Edición Grafica',NULL),('PG2','PSICOLOGIA II','PSICOLOGIA II',NULL),('PGG','UTILIZAR PROG. PARA ELABORAR PROP. GRAFICAS','Ut.Prog.P.Graficas',NULL),('PRE','INTERVENCION EDUCATIVA EN PREESCOLAR','Int. Ed. Preescolar',NULL),('PRO','PROGRAMACION','Programación',NULL),('PS1','PSICOLOGIA I','Psicologia I',NULL),('PS2','PSICOLOGIA II','Psicología II',NULL),('PSI','PSICOLOGIA I','Psicología I',NULL),('PSP','PARTICIPAR EN LA COMUNIDAD CON PROGRAMAS DE SALUD PUBLICA','Prog. de Salud Púb.',NULL),('PV','PROGRAMAS VECTORIALES','Programas Vectorial','Numérica'),('PWE','PAGINAS WEB','Páginas Web',NULL),('QU1','QUIMICA I','Química I','Numérica'),('QU2','QUIMICA II','Quimica II',NULL),('QU3','QUIMICA III','Química III',NULL),('RBO','REALIZAR BOCETOS UTILIZANDO DIBUJO NATURAL','Real. Bocetos',NULL),('RCC','REGISTRAR OPERACIONES DE CREDITO Y COBRANZA','Reg. Op. Credito Cob',NULL),('RDM','REGISTRO DE MERCANCIAS','Reg. de Mercancias',NULL),('RDR','REVISAR DOCUMENTACION PARA EL REGISTRO CONTABLE','R. Doctos. Reg. Con.',NULL),('REC','REALIZAR ESTUDIOS DE COMUNIDAD','Real. Estudios Com.',NULL),('RID','RESGUARDAR INF.Y ELAB. DOCTOS. ELECT.C/SOFTWARE DE APLICACION','Res.Inf.Doctos.Elec.',NULL),('RIN','APLICAR METODOLOGIA PARA REALIZAR LA INTERVENCION','Met.P/Real.Int. Ed.',NULL),('ROC','REGISTRAR CONTABLEMENTE OPERACIONES COMERCIALES','R. Conta/e. Op. Com.',NULL),('ROE','REALIZAR OPERACIONES EN FORMA ELECTRONICA','Real. Op. Forma Elec',NULL),('ROF','REALIZAR OPERACIONES EN FORMA ELECTRONICA','Rea.Op.F/Electronica',NULL),('ROP','REGISTRO DE OPERACIONES CONTABLES','Reg. Op. Contables','Numérica'),('RRC','REALIZAR REGISTRO CONTABLE','Realizar Reg. Conta',NULL),('RVN','REALIZA VALORACIONES NUTRICIONALES','Real.Val.Nutricional',NULL),('SEN','SISTEMA EDUCATIVO NACIONAL','Sistema Ed. Nacional',NULL),('SF1','TEMAS SELECTOS DE FISICA I','T. Selec. Física I',NULL),('SF2','TEMAS SELECTOS DE FISICA II','T. Selec. Física II',NULL),('SIN','SISTEMAS DE INFORMACION','Sis. de Información',NULL),('SP','SALUD PUBLICA','Salud Pública',NULL),('SQ1','TEMAS SELECTOS DE QUIMICA I','T. Selec. Química I',NULL),('SQ2','TEMAS SELECTOS DE QUIMICA II','T. Selec. Química II',NULL),('SSR','SALUD SEXUAL Y REPRODUCTIVA','Salud sexual y rep.',NULL),('TB2','TEMAS SELECTOS DE BIOLOGIA II','T. Sel. Biología II',NULL),('TC','TEORIA DEL COLOR','Teoria del Color',NULL),('TC1','TECNICAS CLINICAS I','Técnicas clínicas I',NULL),('TCL','TECNICAS CLINICAS II','Técnicas Clínicas II',NULL),('TCO','TEORIA DEL COLOR','Teoria del Color',NULL),('TIP','TIPOGRAFIA Y PRODUCTOS EDITORIALES','Tipografia y prod.ed',NULL),('TPE','TIPOGRAFIA Y PRODUCTOS EDITORIALES','Tipografia y Prod.Ed',NULL),('TSB','TEMAS SELECTOS DE BIOLOGIA I','T. Sel. Biología I',NULL),('TU2','TUTORIA II','Tutoría II',NULL),('TU3','TUTORIA III','Tutoría III','Numérica'),('TU4','TUTORIA IV','Tutoría IV',NULL),('TU5','TUTORIA V','Tutoría V',NULL),('TU6','TUTORIA VI','Tutoría VI',NULL),('TUI','TUTORIA I','Tutoría I','A/NA'),('UR','UTILIZAR RETORICA EN PROYECTO TIPOGRAFICO','Utilizar Retorica',NULL),('USD','UTILIZAR EL SOFTWARE DE DISEŃO','Util.Software Diseńo',NULL),('W83','ELABORAR HOJAS DE CALCULO','ELAB. H. DE CALCULO',NULL),('W84','ELABORAR PRESENTACIONES GRAFICAS','ELAB. P. GRAFICAS',NULL);
/*!40000 ALTER TABLE `materias` ENABLE KEYS */;
UNLOCK TABLES;

--
-- Temporary view structure for view `materias_view`
--

DROP TABLE IF EXISTS `materias_view`;
/*!50001 DROP VIEW IF EXISTS `materias_view`*/;
SET @saved_cs_client     = @@character_set_client;
/*!50503 SET character_set_client = utf8mb4 */;
/*!50001 CREATE VIEW `materias_view` AS SELECT 
 1 AS `clave_materia`,
 1 AS `nombre_materia`,
 1 AS `nombre_abr`,
 1 AS `tipo_calificacion`*/;
SET character_set_client = @saved_cs_client;

--
-- Table structure for table `periodos`
--

DROP TABLE IF EXISTS `periodos`;
/*!40101 SET @saved_cs_client     = @@character_set_client */;
/*!50503 SET character_set_client = utf8mb4 */;
CREATE TABLE `periodos` (
  `periodo` varchar(40) NOT NULL,
  `paridad` tinyint DEFAULT NULL,
  PRIMARY KEY (`periodo`),
  UNIQUE KEY `periodo_UNIQUE` (`periodo`)
) ENGINE=InnoDB DEFAULT CHARSET=utf8mb4 COLLATE=utf8mb4_0900_ai_ci;
/*!40101 SET character_set_client = @saved_cs_client */;

--
-- Dumping data for table `periodos`
--

LOCK TABLES `periodos` WRITE;
/*!40000 ALTER TABLE `periodos` DISABLE KEYS */;
INSERT INTO `periodos` VALUES ('Ago21-Dic21',1);
/*!40000 ALTER TABLE `periodos` ENABLE KEYS */;
UNLOCK TABLES;

--
-- Table structure for table `plan_grupo`
--

DROP TABLE IF EXISTS `plan_grupo`;
/*!40101 SET @saved_cs_client     = @@character_set_client */;
/*!50503 SET character_set_client = utf8mb4 */;
CREATE TABLE `plan_grupo` (
  `grupo` varchar(3) NOT NULL,
  `plan` varchar(20) NOT NULL,
  PRIMARY KEY (`grupo`,`plan`),
  UNIQUE KEY `grupo_UNIQUE` (`grupo`),
  KEY `plan` (`plan`),
  CONSTRAINT `plan_grupo_ibfk_1` FOREIGN KEY (`grupo`) REFERENCES `grupos` (`grupo`),
  CONSTRAINT `plan_grupo_ibfk_2` FOREIGN KEY (`plan`) REFERENCES `planes_estudio` (`clave_plan`)
) ENGINE=InnoDB DEFAULT CHARSET=utf8mb4 COLLATE=utf8mb4_0900_ai_ci;
/*!40101 SET character_set_client = @saved_cs_client */;

--
-- Dumping data for table `plan_grupo`
--

LOCK TABLES `plan_grupo` WRITE;
/*!40000 ALTER TABLE `plan_grupo` DISABLE KEYS */;
INSERT INTO `plan_grupo` VALUES ('101','S1'),('102','S1'),('103','S1'),('132','S1'),('133','S1'),('301','3C'),('302','3A'),('303','3I'),('304','3H'),('305','3A'),('331','3I'),('332','3A'),('333','3H'),('334','3D'),('335','3A'),('501','C5'),('502','E5'),('503','5I'),('504','5H'),('505','E5'),('531','5I'),('532','E5'),('533','5H'),('534','5D'),('535','E5');
/*!40000 ALTER TABLE `plan_grupo` ENABLE KEYS */;
UNLOCK TABLES;

--
-- Temporary view structure for view `plan_grupo_view`
--

DROP TABLE IF EXISTS `plan_grupo_view`;
/*!50001 DROP VIEW IF EXISTS `plan_grupo_view`*/;
SET @saved_cs_client     = @@character_set_client;
/*!50503 SET character_set_client = utf8mb4 */;
/*!50001 CREATE VIEW `plan_grupo_view` AS SELECT 
 1 AS `plan`,
 1 AS `descripcion`,
 1 AS `grupo`*/;
SET character_set_client = @saved_cs_client;

--
-- Table structure for table `planes_estudio`
--

DROP TABLE IF EXISTS `planes_estudio`;
/*!40101 SET @saved_cs_client     = @@character_set_client */;
/*!50503 SET character_set_client = utf8mb4 */;
CREATE TABLE `planes_estudio` (
  `clave_plan` varchar(20) NOT NULL,
  `descripcion` varchar(45) NOT NULL,
  `semestre` int DEFAULT NULL,
  PRIMARY KEY (`clave_plan`),
  KEY `semestre_idx` (`semestre`),
  CONSTRAINT `semestre` FOREIGN KEY (`semestre`) REFERENCES `semestres` (`semestre`)
) ENGINE=InnoDB DEFAULT CHARSET=utf8mb4 COLLATE=utf8mb4_0900_ai_ci;
/*!40101 SET character_set_client = @saved_cs_client */;

--
-- Dumping data for table `planes_estudio`
--

LOCK TABLES `planes_estudio` WRITE;
/*!40000 ALTER TABLE `planes_estudio` DISABLE KEYS */;
INSERT INTO `planes_estudio` VALUES ('3A','AUXILIAR EDUCATIVO 2018',NULL),('3C','CONTABILIDAD 2018',NULL),('3D','DISEŃO 2018',NULL),('3H','HIGIENE Y SALUD 2018',NULL),('3I','INFORMATICA 2018',3),('4D','DISEŃO GRAFICO 2018',NULL),('4H','HIGIENE Y SALUD COMUNITARIA',NULL),('4I','TECNOLOGIAS DE LA INFORMACION Y LA COMUN',NULL),('5D','DISEŃO GRAFICO 2019',NULL),('5H','HIGIENE Y SALUD COMUNITARIA 5 SEM \'19',NULL),('5I','TECNOLOGIAS DE LA EDUCACION Y COM 5',NULL),('64','DISEŃO NP',NULL),('6H','HIGIENE Y SALUD COMUNITARIA PN',NULL),('6I','INFORMATICA PN',NULL),('A3','AUXILIAR EDUCATIVO TERCER SEMESTRE',NULL),('A4','AUXILIAR EDUCATIVO 4 SEMESTRE',NULL),('A5','AUXILIAR EDUCATIVO QUINTO SEMESTRE',NULL),('A6','AUXILIAR EDUCATIVO SEXTO SEMESTRE',NULL),('C4','CONTABILIDAD 4 SEM PN',NULL),('C5','CONTABILIDAD QUINTO SEM. \'19',NULL),('C6','CONTABILIDAD NP',NULL),('D4','DISEŃO 4',NULL),('D5','DISEŃO 5',NULL),('D6','DISEŃO 6',NULL),('DI','DISEŃO',NULL),('E4','INTERVENCION EN LA EDUCACION OBLIGATORIA',NULL),('E5','INTERV. EDUC. OBLIGATORIA 5 SEM \'19',NULL),('E6','INTERVENCION EDUCATIVA PN',NULL),('H3','HIGIENE Y SALUD TERCER SEMESTRE',NULL),('H4','HIGIENE Y SALUD 4TO. SEM.',NULL),('H5','HIGIENE Y SALUD QUINTO SEMESTRE',NULL),('H6','HIGIENE Y SALUD 6TO. SEM.',NULL),('I3','INFORMATICA  TERCER SEMESTRE',NULL),('I4','INFORMATICA 4 SEMESTRE',NULL),('I5','INFORMATICA QUINTO SEMESTRE',NULL),('I6','INFORMATICA 6TO. SEMESTRE',NULL),('PS','PRIMER SEMESTRE 2017',NULL),('S1','Primer',1),('S2','SEGUNDO SEMESTRE',NULL),('SS','SEGUNDO SEMESTRE 2017 PN',NULL),('V3','CONTABILIDAD TERCER SEMESTRE',NULL),('V4','CONTABILIDAD 4 SEMESTRE',NULL),('V5','CONTABILIDAD QUINTO SEMESTRE',NULL),('V6','CONTABILIDAD PARA 2DOS. Y 3ROS. AŃOS',NULL);
/*!40000 ALTER TABLE `planes_estudio` ENABLE KEYS */;
UNLOCK TABLES;

--
-- Table structure for table `planes_estudio_materias`
--

DROP TABLE IF EXISTS `planes_estudio_materias`;
/*!40101 SET @saved_cs_client     = @@character_set_client */;
/*!50503 SET character_set_client = utf8mb4 */;
CREATE TABLE `planes_estudio_materias` (
  `materia` varchar(45) NOT NULL,
  `clave_plan` varchar(45) NOT NULL,
  `orden` varchar(2) DEFAULT NULL,
  PRIMARY KEY (`materia`,`clave_plan`),
  KEY `materia_idx` (`materia`),
  KEY `clave_plan_idx` (`clave_plan`),
  CONSTRAINT `clave_plan` FOREIGN KEY (`clave_plan`) REFERENCES `planes_estudio` (`clave_plan`),
  CONSTRAINT `materia` FOREIGN KEY (`materia`) REFERENCES `materias` (`clave_materia`)
) ENGINE=InnoDB DEFAULT CHARSET=utf8mb4 COLLATE=utf8mb4_0900_ai_ci;
/*!40101 SET character_set_client = @saved_cs_client */;

--
-- Dumping data for table `planes_estudio_materias`
--

LOCK TABLES `planes_estudio_materias` WRITE;
/*!40000 ALTER TABLE `planes_estudio_materias` DISABLE KEYS */;
INSERT INTO `planes_estudio_materias` VALUES ('AI','A3',NULL),('AOR','3C',NULL),('APP','H6',NULL),('APS','H6',NULL),('ASE','A3',NULL),('ASP','V4',NULL),('ATC','D5',NULL),('BAF','3H',NULL),('BI1','3A',NULL),('BI1','3C',NULL),('BI1','3D',NULL),('BI1','3H',NULL),('BI1','3I',NULL),('BI1','A3',NULL),('BI1','DI',NULL),('BI1','H3',NULL),('BI1','I3',NULL),('BI1','V3',NULL),('BI2','4D',NULL),('BI2','4H',NULL),('BI2','4I',NULL),('BI2','A4',NULL),('BI2','C4',NULL),('BI2','D4',NULL),('BI2','E4',NULL),('BI2','H4',NULL),('BI2','I4',NULL),('BI2','V4',NULL),('CAD','5D',NULL),('CAD','5H',NULL),('CAD','5I',NULL),('CAD','C5',NULL),('CAD','D5',NULL),('CAD','H5',NULL),('CAD','I5',NULL),('CAD','V5',NULL),('CAI','64',NULL),('CAI','6H',NULL),('CAI','6I',NULL),('CAI','C6',NULL),('CAI','D6',NULL),('CAI','H6',NULL),('CAI','I6',NULL),('CAI','V6',NULL),('CC','V5',NULL),('CC1','5D',NULL),('CC1','D5',NULL),('CDC','C4',NULL),('CGR','5D',NULL),('CII','64',NULL),('CII','D6',NULL),('CIS','6H',NULL),('CIS','H6',NULL),('CN','C5',NULL),('CO1','5I',NULL),('CO1','I5',NULL),('CO2','6I',NULL),('CO2','I6',NULL),('CPG','6H',NULL),('CSI','5H',NULL),('CSI','H5',NULL),('CV','4I',NULL),('DB','DI',NULL),('DCE','I4',NULL),('DDI','6I',NULL),('DDP','D6',NULL),('DE2','C6',NULL),('DE2','V6',NULL),('DEE','C6',NULL),('DEF','H4',NULL),('DEI','C5',NULL),('DEI','V5',NULL),('DFO','D4',NULL),('DI1','5D',NULL),('DI1','D5',NULL),('DIA','A4',NULL),('DIE','A4',NULL),('DII','64',NULL),('DII','D6',NULL),('DMA','D4',NULL),('DPR','D6',NULL),('DPS','64',NULL),('EC1','5I',NULL),('EC1','A5',NULL),('EC1','C5',NULL),('EC1','E5',NULL),('EC1','I5',NULL),('EC1','V5',NULL),('EC2','6I',NULL),('EC2','A6',NULL),('EC2','C6',NULL),('EC2','E6',NULL),('EC2','I6',NULL),('EC2','V6',NULL),('ECI','V5',NULL),('EMA','64',NULL),('EMA','6H',NULL),('EMA','6I',NULL),('EMA','A6',NULL),('EMA','C6',NULL),('EMA','D6',NULL),('EMA','E6',NULL),('EMA','H6',NULL),('EMA','I6',NULL),('EMA','V6',NULL),('EPI','3H',NULL),('EPW','I6',NULL),('ERF','V4',NULL),('ESC','H5',NULL),('ESM','5D',NULL),('ESM','5H',NULL),('ESM','5I',NULL),('ESM','A4',NULL),('ESM','C5',NULL),('ESM','D4',NULL),('ESM','E5',NULL),('ESM','H4',NULL),('ESM','I4',NULL),('ESM','V4',NULL),('ÉT1','PS',NULL),('ÉT1','S1',NULL),('ÉT2','SS',NULL),('EV2','S2',NULL),('FBD','3D','1'),('FCC','H3',NULL),('FCH','H3',NULL),('FI1','3A',NULL),('FI1','3C',NULL),('FI1','3D',NULL),('FI1','3H',NULL),('FI1','3I','1'),('FI1','A3',NULL),('FI1','DI',NULL),('FI1','H3',NULL),('FI1','I3',NULL),('FI1','V3',NULL),('FI2','4D',NULL),('FI2','4H',NULL),('FI2','4I',NULL),('FI2','A4',NULL),('FI2','C4',NULL),('FI2','D4',NULL),('FI2','E4',NULL),('FI2','H4',NULL),('FI2','I4',NULL),('FI2','V4',NULL),('FIL','64',NULL),('FIL','6H',NULL),('FIL','6I',NULL),('FIL','A6',NULL),('FIL','C6',NULL),('FIL','D6',NULL),('FIL','E6',NULL),('FIL','H6',NULL),('FIL','I6',NULL),('FIL','V6',NULL),('FSO','I3',NULL),('GAT','3I',NULL),('GEO','5D',NULL),('GEO','5H',NULL),('GEO','5I',NULL),('GEO','A5',NULL),('GEO','C5',NULL),('GEO','D5',NULL),('GEO','E5',NULL),('GEO','H5',NULL),('GEO','I5',NULL),('GEO','V5',NULL),('GPE','V3',NULL),('HCA','3I',NULL),('HCO','I5',NULL),('HM1','3A',NULL),('HM1','3C',NULL),('HM1','3D','2'),('HM1','3H',NULL),('HM1','3I','2'),('HM1','S2',NULL),('HM2','4D',NULL),('HM2','4H',NULL),('HM2','4I',NULL),('HM2','A3',NULL),('HM2','C4',NULL),('HM2','DI',NULL),('HM2','E4',NULL),('HM2','H3',NULL),('HM2','I3',NULL),('HM2','V3',NULL),('HUM','64',NULL),('HUM','6H',NULL),('HUM','6I',NULL),('HUM','A5',NULL),('HUM','C6',NULL),('HUM','D5',NULL),('HUM','E6',NULL),('HUM','H5',NULL),('HUM','I5',NULL),('HUM','V5',NULL),('IA','E4',NULL),('ICS','SS',NULL),('IE','E4',NULL),('IEP','A5',NULL),('IES','A6',NULL),('IG2','SS',NULL),('IM1','C5',NULL),('IM2','C6',NULL),('IN1','PS',NULL),('IN1','S1',NULL),('IN2','S2',NULL),('IN2','SS',NULL),('INP','A6',NULL),('INP','E5',NULL),('INS','E6',NULL),('LA1','PS',NULL),('LA1','S1',NULL),('LA2','S2',NULL),('LA3','3A',NULL),('LA3','3C',NULL),('LA3','3D','3'),('LA3','3H',NULL),('LA3','3I',NULL),('LA3','A3',NULL),('LA3','DI',NULL),('LA3','H3',NULL),('LA3','I3',NULL),('LA3','V3',NULL),('LA4','4D',NULL),('LA4','4H',NULL),('LA4','4I',NULL),('LA4','A4',NULL),('LA4','C4',NULL),('LA4','D4',NULL),('LA4','E4',NULL),('LA4','H4',NULL),('LA4','I4',NULL),('LA4','V4',NULL),('LI1','3A',NULL),('LI1','3C',NULL),('LI1','3D',NULL),('LI1','3H',NULL),('LI1','3I',NULL),('LI1','A3',NULL),('LI1','DI',NULL),('LI1','H3',NULL),('LI1','I3',NULL),('LI1','V3',NULL),('LI2','4D',NULL),('LI2','4H',NULL),('LI2','4I',NULL),('LI2','A4',NULL),('LI2','C4',NULL),('LI2','D4',NULL),('LI2','E4',NULL),('LI2','H4',NULL),('LI2','I4',NULL),('LI2','V4',NULL),('LR1','PS',NULL),('LR1','S1',NULL),('LR2','S2',NULL),('LR2','SS',NULL),('MA1','PS',NULL),('MA1','S1',NULL),('MA2','S2',NULL),('MA2','SS',NULL),('MA3','3A',NULL),('MA3','3C',NULL),('MA3','3D',NULL),('MA3','3H',NULL),('MA3','3I',NULL),('MA3','A3',NULL),('MA3','DI',NULL),('MA3','H3',NULL),('MA3','I3',NULL),('MA3','V3',NULL),('MA4','4D',NULL),('MA4','4H',NULL),('MA4','4I',NULL),('MA4','A4',NULL),('MA4','C4',NULL),('MA4','D4',NULL),('MA4','E4',NULL),('MA4','H4',NULL),('MA4','I4',NULL),('MA4','V4',NULL),('MEI','A6',NULL),('MEI','D6',NULL),('MEI','H6',NULL),('MEI','I6',NULL),('MEI','PS',NULL),('MEI','S1',NULL),('MEI','V6',NULL),('MRC','4I',NULL),('MSU','E6',NULL),('NIE','3A',NULL),('NUT','4H',NULL),('OCC','V6',NULL),('OEC','I3',NULL),('OR2','SS',NULL),('OR3','3A',NULL),('OR3','3C',NULL),('OR3','3D',NULL),('OR3','3H',NULL),('OR3','3I',NULL),('OR4','4D',NULL),('OR4','4H',NULL),('OR4','4I',NULL),('OR4','C4',NULL),('OR4','E4',NULL),('OR4','I4',NULL),('OR5','5H',NULL),('OR5','5I',NULL),('OR5','A5',NULL),('OR5','C5',NULL),('OR5','D5',NULL),('OR5','E5',NULL),('OR5','H5',NULL),('OR5','I5',NULL),('OR5','V5',NULL),('OR6','64',NULL),('OR6','6H',NULL),('OR6','6I',NULL),('OR6','A6',NULL),('OR6','C6',NULL),('OR6','D6',NULL),('OR6','E6',NULL),('OR6','H6',NULL),('OR6','I6',NULL),('OR6','V6',NULL),('ORI','5D',NULL),('ORI','PS',NULL),('ORI','S1',NULL),('P5','5D',NULL),('P5','5H',NULL),('P5','5I',NULL),('P5','D5',NULL),('PA1','PS',NULL),('PA1','S1',NULL),('PA2','S2',NULL),('PA2','SS',NULL),('PA3','3A',NULL),('PA3','3C',NULL),('PA3','3D',NULL),('PA3','3H',NULL),('PA3','3I',NULL),('PA3','A3',NULL),('PA3','DI',NULL),('PA3','H3',NULL),('PA3','I3',NULL),('PA3','V3',NULL),('PA4','4D',NULL),('PA4','4H',NULL),('PA4','4I',NULL),('PA4','A4',NULL),('PA4','C4',NULL),('PA4','E4',NULL),('PA4','H4',NULL),('PA4','I4',NULL),('PA4','V4',NULL),('PA5','A5',NULL),('PA5','C5',NULL),('PA5','E5',NULL),('PA5','H5',NULL),('PA5','I5',NULL),('PA5','V5',NULL),('PA6','64',NULL),('PA6','6H',NULL),('PA6','6I',NULL),('PA6','A6',NULL),('PA6','C6',NULL),('PA6','D4',NULL),('PA6','D6',NULL),('PA6','E6',NULL),('PA6','H6',NULL),('PA6','I6',NULL),('PA6','V6',NULL),('PAM','I6',NULL),('PDM','64',NULL),('PEI','5D',NULL),('PGG','DI',NULL),('PRE','E5',NULL),('PRO','5I',NULL),('PS1','A5',NULL),('PS1','E5',NULL),('PS2','A6',NULL),('PS2','E6',NULL),('PSP','H5',NULL),('PV','3D',NULL),('PWE','6I',NULL),('QU1','PS',NULL),('QU1','S1',NULL),('QU2','S2',NULL),('QU2','SS',NULL),('RDM','C4',NULL),('RID','I4',NULL),('RIN','A5',NULL),('ROF','V6',NULL),('ROP','3C',NULL),('RRC','V3',NULL),('RVN','H4',NULL),('SEN','3A',NULL),('SF1','5D',NULL),('SF1','5H',NULL),('SF1','5I',NULL),('SF1','A5',NULL),('SF1','C5',NULL),('SF1','D5',NULL),('SF1','E5',NULL),('SF1','H5',NULL),('SF1','I5',NULL),('SF1','V5',NULL),('SF2','64',NULL),('SF2','6H',NULL),('SF2','6I',NULL),('SF2','A6',NULL),('SF2','C6',NULL),('SF2','D6',NULL),('SF2','E6',NULL),('SF2','H6',NULL),('SF2','I6',NULL),('SF2','V6',NULL),('SIN','5I',NULL),('SP','4H',NULL),('SQ1','A5',NULL),('SQ1','E5',NULL),('SQ2','A6',NULL),('SQ2','E6',NULL),('SSR','5H',NULL),('TB2','6H',NULL),('TB2','H6',NULL),('TC','4D',NULL),('TC1','5H',NULL),('TCL','6H',NULL),('TPE','4D',NULL),('TSB','5H',NULL),('TSB','H5',NULL),('TU2','SS',NULL),('TU3','3A',NULL),('TU3','3C',NULL),('TU3','3D',NULL),('TU3','3H',NULL),('TU3','3I',NULL),('TU4','4D',NULL),('TU4','4H',NULL),('TU4','4I',NULL),('TU4','C4',NULL),('TU4','E4',NULL),('TU5','5D',NULL),('TU5','5H',NULL),('TU5','5I',NULL),('TU5','A5',NULL),('TU5','C5',NULL),('TU5','D5',NULL),('TU5','E5',NULL),('TU5','H5',NULL),('TU5','I5',NULL),('TU5','V5',NULL),('TU6','64',NULL),('TU6','6H',NULL),('TU6','6I',NULL),('TU6','A6',NULL),('TU6','C6',NULL),('TU6','D6',NULL),('TU6','E6',NULL),('TU6','H6',NULL),('TU6','I6',NULL),('TU6','V6',NULL),('TUI','PS',NULL),('TUI','S1',NULL),('UR','D5',NULL),('USD','I5',NULL);
/*!40000 ALTER TABLE `planes_estudio_materias` ENABLE KEYS */;
UNLOCK TABLES;

--
-- Temporary view structure for view `planes_estudio_materias_view`
--

DROP TABLE IF EXISTS `planes_estudio_materias_view`;
/*!50001 DROP VIEW IF EXISTS `planes_estudio_materias_view`*/;
SET @saved_cs_client     = @@character_set_client;
/*!50503 SET character_set_client = utf8mb4 */;
/*!50001 CREATE VIEW `planes_estudio_materias_view` AS SELECT 
 1 AS `clave_plan`,
 1 AS `materia`,
 1 AS `nombre_abr`,
 1 AS `tipo_calificacion`,
 1 AS `orden`*/;
SET character_set_client = @saved_cs_client;

--
-- Temporary view structure for view `planes_estudio_visible_view`
--

DROP TABLE IF EXISTS `planes_estudio_visible_view`;
/*!50001 DROP VIEW IF EXISTS `planes_estudio_visible_view`*/;
SET @saved_cs_client     = @@character_set_client;
/*!50503 SET character_set_client = utf8mb4 */;
/*!50001 CREATE VIEW `planes_estudio_visible_view` AS SELECT 
 1 AS `clave_plan`,
 1 AS `descripcion`,
 1 AS `semestre`*/;
SET character_set_client = @saved_cs_client;

--
-- Table structure for table `profesores`
--

DROP TABLE IF EXISTS `profesores`;
/*!40101 SET @saved_cs_client     = @@character_set_client */;
/*!50503 SET character_set_client = utf8mb4 */;
CREATE TABLE `profesores` (
  `apellido_materno` varchar(45) DEFAULT NULL,
  `apellido_paterno` varchar(45) DEFAULT NULL,
  `nombres` varchar(45) DEFAULT NULL,
  `clave_profesor` varchar(6) NOT NULL,
  `abr_profesion` varchar(10) DEFAULT NULL,
  `telefono` varchar(15) DEFAULT NULL,
  `domicilio` varchar(80) DEFAULT NULL,
  `fecha_nacimiento` date DEFAULT NULL,
  `profesion` varchar(100) DEFAULT NULL,
  `CURP` varchar(18) NOT NULL,
  `PRESU` varchar(18) DEFAULT NULL,
  `email` varchar(85) DEFAULT NULL,
  PRIMARY KEY (`clave_profesor`)
) ENGINE=InnoDB DEFAULT CHARSET=utf8mb4 COLLATE=utf8mb4_0900_ai_ci;
/*!40101 SET character_set_client = @saved_cs_client */;

--
-- Dumping data for table `profesores`
--

LOCK TABLES `profesores` WRITE;
/*!40000 ALTER TABLE `profesores` DISABLE KEYS */;
INSERT INTO `profesores` VALUES ('RUVALVABA','MARTINEZ','HUMBERTO ALEJANDRO','','HAMR','','C. BATALLA DE BACHIMBA 208','1982-01-01','','MARH820101HCHRVM07','',NULL),('AGUIRRE','BOLIVAR','ANTONIO','ABA','LIC.','(639)1014802','Calle 41 Sur 1618, Col. Linda Vista, Cd. Delicias, Chihuahua','1960-10-10','LICENCIADO EN PEDAGOGIA','BOAA601010HCHLGN01','1902E8829000191055',NULL),('ONTIVEROS','CHACON','ALBERTO','ACO','ING.','(639)1070385','C. 14.5 Nte. N° 131-A, Col. del Empleado, Cd. Delicias,Chih.','1959-01-30','INGENIERO AGRONOMO','CAOA590130HCHHNL04','1902E8973000191004',NULL),('CUEVAS','RIVERA','AIDDE GRACIELA','AGRC','C.P.','(639)1252343','Ave. Río San Pedro Nş 627, Fov. Las Huertas, Cd. Delicias, Chih.','1972-11-25','CONTADOR PUBLICO','RICA721125MDGVVD06','1902E8771000191051',NULL),('NEVAREZ','FIERRO','AMALIA ISABEL','AIFN','C.P.','(639)1076116','Calle Nectarinas 39, Fracc. las Huertas, Cd. Delicias, Chihuahua','1963-06-28','CONTADOR PUBLICO','FINA630628MCHRVM09','1902E8829000191117',NULL),('MOLINA','JIMENEZ','ADRIANA','AJM','QUIM.','(   )','Conocido Bellavista, Saucillo, Chih.','1980-11-30','QUIMICA BACTERIOLOGA, PARASITOLOGA','JIMA801130MCHMLD00','',NULL),('CHAVEZ','RODALLEGAS','ANA LAURA','ALRC','LIC.','(639)1354689','AVE. 18 PTE. 512 CD. DELICIAS,CHIH','1989-03-15','LIC. DERECHO','ROCA890315MCHDHN08','',NULL),('GOMEZ','MARTINEZ','ALFA','AMG','LIC.','(639)1102020','Ave. San Fco.del Oro Nş 1450, Fovissste II, Cd. Delicias, Chih.','1963-07-02','LIC. EN EDUCACION','MAGA630702MCHRML07','1902E8617060191046',NULL),('BARROTERAN','LOPEZ','ANA MARGARITA','AMLB','LIC.','(639)1293974','Ave. 10.5 Sur 4419 Fracc. Roma Delicias, Chih.','1989-11-23','LIC. ALTERACIONES DE LENGUAJE Y AUDICION','LOBA231189MCHPRN09','',NULL),('REYES','MORENO','ADRIANA MARISOL','AMMR','ING.','(621)1292324','Av. Puebla N° 105, Fracc. Las Arboledas, Cd. Saucillo, Chih.','1984-09-04','ING. INDUSTRIAL','MORA840904MCHRYD01','1902E8725000191083',NULL),('MORALES','RODRIGUEZ','ARTURO','ARM','LIC.ECON','(639)1047412','Ave. 26 Pte. 203, Col Magisterial, Del. CHIH.','1986-09-26','LIC. EN ECONOMIA','ROMA860926HCHDRR11','',NULL),('ENRIQUEZ','MONTES','ABEL ROBERTO','ARME','TEC.','(639)1190942','Av. 21 Pte. Nş 106 Col. Magisterial, Cd. Del., Chihuahua','1978-05-10','TECNICO FOLKLORISTA','MOEA780510HCHNNB06','6359E8619050720007',NULL),('ESCOBAR','FERNANDEZ','ADRIANA XITLALLI','AXFE','LIC.','(639)1195123','Ave. 15 Poniente # 615, Centro, Cd. Delicias, Chih.','1987-11-19','LIC. EN NUTRICION','FEEA871119MCHRSD04','1902E8617090191035','escaleracorrales845@gmail.com'),('COVARRUBIO','RODRIGUEZ','BRENDA LETICIA','BLRC','','(639)1194494','Conocido Estación Conchos','1982-10-19','','','',NULL),('GALLEGOS','MILLAN','CESAR ANTONIO','CAMG','Lic. Admin','(639)1238344','Av. Baja California N° 4, Rosales, Chih.','1971-04-29','LICENCIADO EN ADMINISTRACION','MIGC710429HCHLLS08','1902E8617120191078',NULL),('BRAVO','PRECIADO','CARLOS ALBERTO','CAPB','ING.','(639)1110935','Priv. Av. 1a. Sur 1007, Fracc. Delia, Del.','1990-09-04','ING. QUIMICO','PEBC900904HCHRRR09','',NULL),('SANTIAGO','CHARIS','CRISPIN','CCS','C.P.','6391247802','C. Dorados de Villa 1000, Tierra y Libertad, Del.','2086-04-11','CONTADOR PÚBLICO','CASC860411HCHHNR04','',NULL),('GUADERRAMA','GALLEGOS','CRISTINA','CGG','LIC.','(639)1220972','Av. Sonora Nte. # 408, Rosales, Chihuahua','1976-12-15','LIC. EN DERECHO','GAGC761215MCHLDR08','08QA01005000080003',NULL),('LOPEZ','NAVA','CLAUDIA CRISTINA','CNL','ING.','(639)1218860','C. Obsidiana # 24, Fracc. San Carlos, Cd. Delicias, Chih.','1983-09-17','ING. SISTEMAS','NALC830917MCHVPL08','',NULL),('CASAS','GRIMALDO','DANIEL','DGC','LIC.','(639)1070405','C.Jaime Medina Nş 828, Inf. Nuevo Delicias, Cd. Delicias, Chih.','1985-03-07','LIC. EN SISTEMAS COMPUTACIONALES','GICD850307HCHRSN09','1902E8617100191015',NULL),('CONTRERAS','GONZALEZ','DANIELA GRISSEL','DGGC','Lic.Cs.Com','(639)1120988','Av. Manuel Amaya N° 818, Col. Ignacio C. Enriquez, Cd.Delicias','1983-06-23','LIC. EN CIENCIAS DE LA COMUNICACION','GOCD830623MCHNNN08','',NULL),('MARTÖNEZ','LOMELÖ','DANIEL','DLM','Agronomo','(639)1132021','C. Luis Nevarez Acosta 611. Nvo. Delicias','1960-11-18','AGRONOMO','LOMD601118HCHMRN08','',NULL),('RODRIGUEZ','SORIANO','ERIKA CRISTINA','ECSR','Ing.Indus.','(639)1129004','Av. 12.5 Sur N° 4527, Col. Emiliano J. Laing, Cd. Delicias','1983-10-30','INGENIERO INDUSTRIAL','SORE831030MCHRDR04','1902E8617110191008',NULL),('CHAPARRO','TELLAECHE','EDNA LAURA','ELTC','LIC.','(614)1421287','MONTE ENCINO 11922, QUINTAS CAROLINAS, CHIH.','1984-07-22','LIC. CIENCIAS DE LA EDUCACION','TECE840722MCHLHD07','',NULL),('GLORIA','ESPINOZA','ELSA YUNUEN','EYEG','LIC.','(639)1230447','C. Morelos # 401, Meoqui, Chih.','1983-10-27','LIC. LETRAS ESPAŃOLAS','EIGE831027MCHSLL06','',NULL),('ROJAS','GODINEZ','FRANCISCO JAVIER','FJGR','Profr.','(639)1295546','Av. 7a. Pte. # 809, Centro, Cd. Delicias, Chihuahua','1954-03-13','PASANTE EN HISTORIA','GORF540313HSPDJR02','6359E8621160730001',NULL),('GONZALEZ','OCON','GERARDO ANTONIO','GAOG','LIC.','(639)1029175','C. del Arado Nş 35, Fracc. La Labor, Cd. Delicias, Chih.','1977-12-10','LIC. EN INFORMATICA','OOGG771210HCHCNR08','1902E8771000191050',NULL),('ALCALA','GARCIA','GERARDO MAURICIO','GMGA','ING.','(614)1258760','AVE. DEL PARQUE ORIENTE N° 221','1989-07-27','INGENIERO AEROESPACIAL','GAAG890727HCHRLR03','',NULL),('SANCHEZ','MARTINEZ','GERARDO','GMS','LIC.','(639)1177560','Calle 9 y media Poniente N°106','1989-04-15','LIC. EN EDUCACION FISICA','MASG890415HCHRNR04','',NULL),('TRILLO','TREVIZO','GRICEL ASTRID','GTT','LIC.','(639)1254186','Av. 11 Sur N° 810, Fracc. Los Angeles, Cd. Delicias, Chihuahua','1986-11-30','LICENCIATURA EN CIENCIAS DE LA COMUNICACION','TETG861130MCHRRR01','1902E8617080191032',NULL),('RUVALVABA','MARTINEZ','HUMBERTO ALEJANDRO','HAMR','','','C. BATALLA DE BACHIMBA 208','1982-01-01','','MARH820101HCHRVM07','',NULL),('ARZAGA','VAZQUEZ','HECTOR HASSAM','HHVA','ING.Aesp.','(639)1151195','C. Guadalupe Posada # 1422, Col. Fco. Villa','1996-07-06','ING. AEROESPACIAL','VAAH960706HCHSRC09','',NULL),('MADRID','RUIZ','ISMAEL','IRM','Ing.Indus.','(639)1108989','Av. 18 Pte. N° 108, Cd. Delicias, Chihuahua','1981-10-14','ING. INDUSTRIAL','RUMI811014HCHZDS03','1902E8771000191062',NULL),('PADILLA','BOLIVAR','JOSE ANTONIO','JABP','ING.','(639)5017359','C. 41 Sur N° 1618, Col. Linda Vista, Cd. Delicias, Chih.','1983-08-12','ING. CIVIL','BOPA830812HCHLDN06','1902E8629120191036',NULL),('MEDRANO','RICO','JORGE ARTURO','JARM','Biologo','(639)1186436','C. 11 Nte. N° 412, Fracc. El Pedregal II, Cd. Del.','1982-06-10','BIOLOGO','RIMJ820610HDGCDR00','1902E8617100191042',NULL),('CASTRO','CARBAJAL','JUAN CARLOS','JCCC','Obrero','(639)1364716','Calle Cipreses # 1117, Las Palmas; Delicias','1973-08-23','OBRERO','CACJ730823HCHRSN08','',NULL),('FERNANDEZ','RODRIGUEZ','JUAN CARLOS','JCRF','LIC.','(639)1129945','C. Aldama N° 113, Inf. Nvo. Delicias','1980-12-14','LIC. EN INFORMATICA','ROFJ801214HCHDRN06','',NULL),('CARBAJAL','CALLEROS','JUAN IGNACIO','JICC','LIC.','(639)3982212','Av. 18 Pte. 512,Centro,Cd. Delicias','1968-01-31','LIC. EN EDUCACION SECUNDARIA','CACJ680131HCHLRN01','E861703.0191064',NULL),('BREACH','ARMENTA','JOSE LUIS','JLAB','LIC.','','','2015-09-16','LIC. EDUCACION PRIMARIA','','',NULL),('HERRERA','ALMAGUER','JAVIER LUIS','JLAH','LIC.','(639)1070758','C. Elisa # 207 Sur, Fracc. Flores del Tepeyac, Cd. Delicias, Chih','1967-10-08','LICENCIADO EN ADMINISTRACION PUBLICA','AAHJ671008HCHLRV09','1902E8829000191054',NULL),('CARREON','CAMARGO','JOSE LUIS','JLCC','NUT','(639)1298518','C. 13 Pte. N° 121, Del Empleado','1990-03-19','NUTRIOLOGO','CACL900319HCHMRS06','',NULL),('ROMERO','MARTINEZ','JAIME','JMR','LIC.','(639)4749572','C.Rincón de N. Sra. # 2025, Fracc. El Rincón, Cd. Delicias','1965-05-12','LICENCIADO EN PEDAGOGIA','MARJ650512HCHRMM03','1902E8829000191042',NULL),('TORRES','RIOS','JESSICA','JRT','LIC.DER.','','AVE. 18.5 SUR 3208, LOS GIRASOLES DELICIAS, CHIH.','1991-06-19','DERECHO','RITJ910619MCHSRS03','',NULL),('PRIETO','LOPEZ','LUIS ALFONSO','LALP','ING.','(639)1193078','C. Ignacio C. Enriquez 815 Nvo. Del.','1987-08-21','ING. INDUSTRIAL','LOPL870821HCHPRS05','',NULL),('ESCAJEDA','HERNANDEZ','LUIS CARLOS','LCHE','LIC.','(639)1292349','Priv. Ave. 12 Sur 4406, Fracc. Roma, Cd. Delicias, Chihuahua','1965-12-25','LIC. EDUCACION SECUNDARIA AREA ESPAŃOL','HEEL651225HCHRSS04','1902E8825000191049',NULL),('BREACH','ARMENTA','JOSE LUIS','LIC.','JLAB','','','2015-09-16','LIC. EDUCACION PRIMARIA','','',NULL),('FIERRO','RUIZ','LILIANA IVON','LIRF','LIC.','(639)5018052','Conocido Ex-Hacienda, Cd. Delicias, Chih.','1991-11-18','LIC. ALTERACIONES AUDITIVAS Y LENGUAJE','RUFL911118MCHZRL03','',NULL),('CARRILLO','LOPEZ','LUCIA','LLC','LIC.','(639)1118101','C. Valle de Allende # 909, Saucillo, Chihuahua','1974-03-15','LICENCIADA EN INFORMATICA','LOCL740315MCHPRC02','1902E8829000191181',NULL),('HERRERA','MALDONADO','LUCRECIA','LMH','LIC.','(639)4705271','Calle Sonora 33, Fracc. Los Jazmines, Cd. Delicias, Chih.','1965-11-24','LIC. EN PSICOLOGIA','MAHL651124MCHLRC04','1902E8629120191035',NULL),('MARFIL','RAMIREZ','LEONELA','LRM','ING.','(639)1288089','Ave. Ing. Manuel Amaya 834, Col. Ignacio C. Enriquez, Delicias','1989-05-27','ING. EN ECOLOGIA','RAML890527MCHMRN09','',NULL),('DEL REAL','SILVA','LETICIA','LSDR','QUIM.','(639)1471859','Av. 11 Pte. 416, Centro, Delicias','1983-06-23','QUIMICA INDUSTRIAL','SIRL830623MCHLLT04','',NULL),('REYES','MEDRANO','MARTIN CARMELO','MCMR','ING.','(639)1101527','Calle 42 Sur 1618, Col. Linda Vista, Cd. Delicias, Chihuahua','1964-07-21','INGENIERO FITOTECNISTA','MERM640721HCHDYR05','1902E8929000191022',NULL),('RIVAS','CHAVARRIA','MAYRA','MCR','ING.','(639)1360940','','1989-05-09','ING. AGRONOMO FITOTECNISTA','CARM890509MCHHVY01','',NULL),('HERRERA','RIVERA','MARIA ELENA','MERH','LIC.','(639)1322787','Ave. 10a. Sur 601, Cd. Delicias, Chh.','1956-03-23','LIC. EN EDUCACION','','',NULL),('FLORES','GALLEGOS','MARCOS','MGF','M.C.','(639)1363571','C.27 Sur 1839, Col. Santo Nińo, Cd. Del.','1963-11-09','MASTER EN CIENCIAS EN HORTICULTURA Y AGRONEGOCIOS','GAFM631109HCHLLR00','1902E8873000191001',NULL),('SILVA','GALVAN','MANUEL','MGS','Lic.EdFis.','(639)1333418','Ave. 8a. Sur Nş 1115, Inf. Revolución, Cd. Delicias, Chih.','1986-03-31','LIC. EN EDUCACION FISICA','GASM860331HCHLLN06','1902E8617110191002',NULL),('SANCHEZ','MARTINEZ','MARIA LUISA','MLMS','ING.','(639)1248240','C. 30 Sur Nş 1422, Col. Ricardo F. Magón, Cd. Delicias, Chihuahua','1976-09-25','ING. SISTEMAS COMPUTACIONALES','MASL760925MCHRNS04','1902E8825000191034',NULL),('CARLOS','FLORES','MARIA MONCERRAT','MMFC','Psicologa','(639)1310565','Ave. 7a. Nte. N° 213, Centro, Delicias, Chih.','1989-10-05','PSICOLOGA','FOCM891005MCHLRN09','',NULL),('VAZQUEZ','CONTRERAS','MARTHA PATRICIA','MPCV','LIC.','(639)1251169','C. 7a. Nte. # 1, Fracc. Imperial, Cd. Delicias, Chihuahua','1970-02-10','LICENCIADA EN INFORMATICA','COVM700210MVHNZR02','1902E8619090720002',NULL),('HOLGUIN','JARAMILLO','NORMA ALEJANDRA','NAJH','ING.','(639)1317979','C. TUL No. 2022, FRACC. PASEOS DEL ALGODON, DEL. CHIH.','1989-12-15','ING. INDUSTRIAL','JAHN891215MCHRLR03','',NULL),('SIMENTAL','AGUILAR','NANCY','NAS','LIC.','(639)1381108','C. Chih. N° 511, Lazaro Cardenas','1989-03-26','LIC. INTERVENCION EDUCATIVA','AUSN890326MCHGMN09','',NULL),('REYNA','GINER','NANCY IMELDA','NIGR','LIC.','(639)1070076','Calle Armando Muńiz N°1608, Cumbres del Deporte','1988-06-29','LIC. EN EDUCACION','GIRN880629MCHNYN04','',NULL),('SILVA','GOMEZ','OSCAR DANIEL','ODGS','C.P.','(639)1147991','C. 11 Pte. N° 413, Sector Pte. Delicias, Chih.','1979-10-19','CONTADOR PUBLICO','GOSO791019HCHMLS07','',NULL),('RAMOS','GANDARA','OMAR','OGR','Lic.Espańo','(639)1158015','C. 11 # 38, Centro, Cd. Saucillo, Chihuahua','1980-03-11','LIC. EN ESPAŃOL','GARO800311HCHNMM04','1902E8617150191031',NULL),('GAMEZ','YAŃEZ','OSMAR','OYG','LIC.','(639)4674251','C. Moscatel 128, Los Vińedos, Delicias','1981-12-16','LIC. NUTRICION','YAGO811216HCHXMS09','',NULL),('PEŃA','ANAYA','PAOLA ALEJANDRA','PAAP','LIC.','(639)4674251','C. Moscatel # 128,Los Vińedos','1979-12-06','LIC. EN LETRAS ESPAŃOLAS','AAPP791206MCHNXL05','',NULL),('RODRIGUEZ','REDE','PEDRO','PRR','ING.','(639)1114265','C. Felipe Angeles 619 Sur, Div. Norte, Del.','1977-08-09','ING. ELECTROMECANICO','RERP770809HCHDDD04','',NULL),('MOLINA','JIMENEZ','ADRIANA','QUIM.','AJM','(   )','Conocido Bellavista, Saucillo, Chih.','1980-11-30','QUIMICA BACTERIOLOGA, PARASITOLOGA','JIMA801130MCHMLD00','',NULL),('VALENZUELA','BOLIVAR','ROBERTO ABELARDO','RABV','Ing.Ind.','(639)1073136','C. Fco. I Madero Ote. N° 28, Col. Benito Juarez,Cd. Delicias Chih','1967-07-05','INGENIERO INDUSTRIAL','BOVR670705HCHLLB04','1902E8617180191017',NULL),('SAENZ','RAMOS','ROSA MARIA','RMRS','QUIM.','(639)1613513','Av. de la Luz N° 103, Del. Residencial, Cd. Del.','1964-08-06','QUIMICO BROMATOLOGO','RASR640806MCHMNS03','1902E8617100191041',NULL),('BAEZA','GINER','SARAI','SGB','PSICOLOGA','(639)1178463','Ave. 12 Sur 4310, Fracc. Roma, Delicias, Chih.','1989-05-15','PSICOLOGA','GIBS890515MCHNZR01','',NULL),('GINEZ','AMAYA','TANIA ELIZABETH','TEAG','LIC.','(639)1029231','Priv. de Los Ciruelos # 28, Fracc. Las Huertas, Cd. Delicias','1987-11-24','LIC. EN ECONOMIA','AAGT871124MCHMNN09','1902E8617070191006',NULL),('RONQUILLO','MARTINEZ','VLADIMIR','VMR','ING.','(621)4750572','Av. 6a. N° 22, Col. Guadalupe, Cd. Saucillo, Chihuahua','1973-01-05','ING. ELECTROMECANICO','MARV730105HCHRNL06','1902E8825000191041',NULL),('LOPEZ','RODRIGUEZ','YERENDIRA','YRL','Lic.Musica','(639)5491757','Av. Mina Barroteran N° 1310, Fov. II, Cd. Delicias, Chihuahua','1986-03-31','LICENCIADA EN MUSICA','ROLY860331MCHDPR03','1902E8617080191030',NULL);
/*!40000 ALTER TABLE `profesores` ENABLE KEYS */;
UNLOCK TABLES;

--
-- Table structure for table `profesoresWebUsers`
--

DROP TABLE IF EXISTS `profesoresWebUsers`;
/*!40101 SET @saved_cs_client     = @@character_set_client */;
/*!50503 SET character_set_client = utf8mb4 */;
CREATE TABLE `profesoresWebUsers` (
  `clave_profesor` varchar(45) NOT NULL,
  `password` varchar(80) NOT NULL,
  PRIMARY KEY (`clave_profesor`),
  UNIQUE KEY `clave_profesor_UNIQUE` (`clave_profesor`),
  CONSTRAINT `profe` FOREIGN KEY (`clave_profesor`) REFERENCES `profesores` (`clave_profesor`)
) ENGINE=InnoDB DEFAULT CHARSET=utf8mb4 COLLATE=utf8mb4_0900_ai_ci;
/*!40101 SET character_set_client = @saved_cs_client */;

--
-- Dumping data for table `profesoresWebUsers`
--

LOCK TABLES `profesoresWebUsers` WRITE;
/*!40000 ALTER TABLE `profesoresWebUsers` DISABLE KEYS */;
INSERT INTO `profesoresWebUsers` VALUES ('AXFE','$2a$10$i87SajAiQtWTM2lmGuDJA.8pmQIhqOAethJnI0N7Mqtot8ASwk10u');
/*!40000 ALTER TABLE `profesoresWebUsers` ENABLE KEYS */;
UNLOCK TABLES;

--
-- Temporary view structure for view `profesoresWebUsers_vieww`
--

DROP TABLE IF EXISTS `profesoresWebUsers_vieww`;
/*!50001 DROP VIEW IF EXISTS `profesoresWebUsers_vieww`*/;
SET @saved_cs_client     = @@character_set_client;
/*!50503 SET character_set_client = utf8mb4 */;
/*!50001 CREATE VIEW `profesoresWebUsers_vieww` AS SELECT 
 1 AS `clave_profesor`,
 1 AS `nombre_completo`,
 1 AS `email`,
 1 AS `password`*/;
SET character_set_client = @saved_cs_client;

--
-- Temporary view structure for view `profesores_sin_pass`
--

DROP TABLE IF EXISTS `profesores_sin_pass`;
/*!50001 DROP VIEW IF EXISTS `profesores_sin_pass`*/;
SET @saved_cs_client     = @@character_set_client;
/*!50503 SET character_set_client = utf8mb4 */;
/*!50001 CREATE VIEW `profesores_sin_pass` AS SELECT 
 1 AS `clave_profesor`,
 1 AS `email`,
 1 AS `nombres`*/;
SET character_set_client = @saved_cs_client;

--
-- Temporary view structure for view `profesores_view`
--

DROP TABLE IF EXISTS `profesores_view`;
/*!50001 DROP VIEW IF EXISTS `profesores_view`*/;
SET @saved_cs_client     = @@character_set_client;
/*!50503 SET character_set_client = utf8mb4 */;
/*!50001 CREATE VIEW `profesores_view` AS SELECT 
 1 AS `apellido_paterno`,
 1 AS `apellido_materno`,
 1 AS `nombres`,
 1 AS `clave_profesor`,
 1 AS `abr_profesion`,
 1 AS `telefono`,
 1 AS `domicilio`,
 1 AS `fecha_nacimiento`,
 1 AS `profesion`,
 1 AS `CURP`,
 1 AS `PRESU`,
 1 AS `email`*/;
SET character_set_client = @saved_cs_client;

--
-- Temporary view structure for view `profesores_visible_view`
--

DROP TABLE IF EXISTS `profesores_visible_view`;
/*!50001 DROP VIEW IF EXISTS `profesores_visible_view`*/;
SET @saved_cs_client     = @@character_set_client;
/*!50503 SET character_set_client = utf8mb4 */;
/*!50001 CREATE VIEW `profesores_visible_view` AS SELECT 
 1 AS `clave_profesor`,
 1 AS `nombre_completo`,
 1 AS `profesion`,
 1 AS `abr_profesion`,
 1 AS `CURP`,
 1 AS `telefono`,
 1 AS `domicilio`,
 1 AS `PRESU`,
 1 AS `email`*/;
SET character_set_client = @saved_cs_client;

--
-- Table structure for table `semestres`
--

DROP TABLE IF EXISTS `semestres`;
/*!40101 SET @saved_cs_client     = @@character_set_client */;
/*!50503 SET character_set_client = utf8mb4 */;
CREATE TABLE `semestres` (
  `semestre` int NOT NULL,
  PRIMARY KEY (`semestre`)
) ENGINE=InnoDB DEFAULT CHARSET=utf8mb4 COLLATE=utf8mb4_0900_ai_ci;
/*!40101 SET character_set_client = @saved_cs_client */;

--
-- Dumping data for table `semestres`
--

LOCK TABLES `semestres` WRITE;
/*!40000 ALTER TABLE `semestres` DISABLE KEYS */;
INSERT INTO `semestres` VALUES (1),(2),(3),(4),(5),(6);
/*!40000 ALTER TABLE `semestres` ENABLE KEYS */;
UNLOCK TABLES;

--
-- Temporary view structure for view `semestres_view`
--

DROP TABLE IF EXISTS `semestres_view`;
/*!50001 DROP VIEW IF EXISTS `semestres_view`*/;
SET @saved_cs_client     = @@character_set_client;
/*!50503 SET character_set_client = utf8mb4 */;
/*!50001 CREATE VIEW `semestres_view` AS SELECT 
 1 AS `semestre`*/;
SET character_set_client = @saved_cs_client;

--
-- Table structure for table `sexos`
--

DROP TABLE IF EXISTS `sexos`;
/*!40101 SET @saved_cs_client     = @@character_set_client */;
/*!50503 SET character_set_client = utf8mb4 */;
CREATE TABLE `sexos` (
  `sexo` varchar(10) NOT NULL,
  PRIMARY KEY (`sexo`)
) ENGINE=InnoDB DEFAULT CHARSET=utf8mb4 COLLATE=utf8mb4_0900_ai_ci;
/*!40101 SET character_set_client = @saved_cs_client */;

--
-- Dumping data for table `sexos`
--

LOCK TABLES `sexos` WRITE;
/*!40000 ALTER TABLE `sexos` DISABLE KEYS */;
INSERT INTO `sexos` VALUES ('F'),('M');
/*!40000 ALTER TABLE `sexos` ENABLE KEYS */;
UNLOCK TABLES;

--
-- Table structure for table `turnos`
--

DROP TABLE IF EXISTS `turnos`;
/*!40101 SET @saved_cs_client     = @@character_set_client */;
/*!50503 SET character_set_client = utf8mb4 */;
CREATE TABLE `turnos` (
  `turno` varchar(15) NOT NULL,
  PRIMARY KEY (`turno`)
) ENGINE=InnoDB DEFAULT CHARSET=utf8mb4 COLLATE=utf8mb4_0900_ai_ci;
/*!40101 SET character_set_client = @saved_cs_client */;

--
-- Dumping data for table `turnos`
--

LOCK TABLES `turnos` WRITE;
/*!40000 ALTER TABLE `turnos` DISABLE KEYS */;
INSERT INTO `turnos` VALUES ('M'),('V');
/*!40000 ALTER TABLE `turnos` ENABLE KEYS */;
UNLOCK TABLES;

--
-- Table structure for table `tutores`
--

DROP TABLE IF EXISTS `tutores`;
/*!40101 SET @saved_cs_client     = @@character_set_client */;
/*!50503 SET character_set_client = utf8mb4 */;
CREATE TABLE `tutores` (
  `numero_control` varchar(6) NOT NULL,
  `nombres` varchar(45) NOT NULL,
  `telefono` varchar(45) NOT NULL,
  `ocupacion` varchar(45) NOT NULL,
  KEY `numero_control_idx` (`numero_control`),
  CONSTRAINT `numero_control` FOREIGN KEY (`numero_control`) REFERENCES `alumnos` (`numero_control`)
) ENGINE=InnoDB DEFAULT CHARSET=utf8mb4 COLLATE=utf8mb4_0900_ai_ci;
/*!40101 SET character_set_client = @saved_cs_client */;

--
-- Dumping data for table `tutores`
--

LOCK TABLES `tutores` WRITE;
/*!40000 ALTER TABLE `tutores` DISABLE KEYS */;
INSERT INTO `tutores` VALUES ('200099','andrea','joselyn','gutss');
/*!40000 ALTER TABLE `tutores` ENABLE KEYS */;
UNLOCK TABLES;

--
-- Table structure for table `webUsers`
--

DROP TABLE IF EXISTS `webUsers`;
/*!40101 SET @saved_cs_client     = @@character_set_client */;
/*!50503 SET character_set_client = utf8mb4 */;
CREATE TABLE `webUsers` (
  `numero_control` varchar(6) NOT NULL,
  `password` varchar(100) NOT NULL,
  PRIMARY KEY (`numero_control`),
  UNIQUE KEY `numero_control_UNIQUE` (`numero_control`),
  CONSTRAINT `alu` FOREIGN KEY (`numero_control`) REFERENCES `alumnos` (`numero_control`)
) ENGINE=InnoDB DEFAULT CHARSET=utf8mb4 COLLATE=utf8mb4_0900_ai_ci;
/*!40101 SET character_set_client = @saved_cs_client */;

--
-- Dumping data for table `webUsers`
--

LOCK TABLES `webUsers` WRITE;
/*!40000 ALTER TABLE `webUsers` DISABLE KEYS */;
INSERT INTO `webUsers` VALUES ('200003','$2a$10$FS4wlruh4ZJpAUgeiYl02.21MMbQyjXC3k0446PcSaZTs9LF1kLl.');
/*!40000 ALTER TABLE `webUsers` ENABLE KEYS */;
UNLOCK TABLES;

--
-- Temporary view structure for view `webUsers_vieww`
--

DROP TABLE IF EXISTS `webUsers_vieww`;
/*!50001 DROP VIEW IF EXISTS `webUsers_vieww`*/;
SET @saved_cs_client     = @@character_set_client;
/*!50503 SET character_set_client = utf8mb4 */;
/*!50001 CREATE VIEW `webUsers_vieww` AS SELECT 
 1 AS `numero_control`,
 1 AS `nombre_completo`,
 1 AS `grupo`,
 1 AS `password`,
 1 AS `email`*/;
SET character_set_client = @saved_cs_client;

--
-- Dumping events for database 'cebdatabase'
--

--
-- Dumping routines for database 'cebdatabase'
--
/*!50003 DROP FUNCTION IF EXISTS `alumno_no_li` */;
/*!50003 SET @saved_cs_client      = @@character_set_client */ ;
/*!50003 SET @saved_cs_results     = @@character_set_results */ ;
/*!50003 SET @saved_col_connection = @@collation_connection */ ;
/*!50003 SET character_set_client  = utf8mb4 */ ;
/*!50003 SET character_set_results = utf8mb4 */ ;
/*!50003 SET collation_connection  = utf8mb4_0900_ai_ci */ ;
/*!50003 SET @saved_sql_mode       = @@sql_mode */ ;
/*!50003 SET sql_mode              = 'ONLY_FULL_GROUP_BY,STRICT_TRANS_TABLES,NO_ZERO_IN_DATE,NO_ZERO_DATE,ERROR_FOR_DIVISION_BY_ZERO,NO_ENGINE_SUBSTITUTION' */ ;
DELIMITER ;;
CREATE DEFINER=`remote`@`%` FUNCTION `alumno_no_li`(gpo varchar(3),numList varchar(6)) RETURNS int
    DETERMINISTIC
BEGIN
declare c int;
select numero_lista
	into c
from (
	select 
		numero_control,
		row_number() OVER `w` AS `numero_lista`
    from alumnos
		where grupo = gpo 
 window `w` AS (ORDER BY `cebdatabase`.`alumnos`.`apellido_paterno`) 
) as ordered_alu
 where numero_control = numList;

RETURN c;
END ;;
DELIMITER ;
/*!50003 SET sql_mode              = @saved_sql_mode */ ;
/*!50003 SET character_set_client  = @saved_cs_client */ ;
/*!50003 SET character_set_results = @saved_cs_results */ ;
/*!50003 SET collation_connection  = @saved_col_connection */ ;
/*!50003 DROP FUNCTION IF EXISTS `alumno_num` */;
/*!50003 SET @saved_cs_client      = @@character_set_client */ ;
/*!50003 SET @saved_cs_results     = @@character_set_results */ ;
/*!50003 SET @saved_col_connection = @@collation_connection */ ;
/*!50003 SET character_set_client  = utf8mb4 */ ;
/*!50003 SET character_set_results = utf8mb4 */ ;
/*!50003 SET collation_connection  = utf8mb4_0900_ai_ci */ ;
/*!50003 SET @saved_sql_mode       = @@sql_mode */ ;
/*!50003 SET sql_mode              = 'ONLY_FULL_GROUP_BY,STRICT_TRANS_TABLES,NO_ZERO_IN_DATE,NO_ZERO_DATE,ERROR_FOR_DIVISION_BY_ZERO,NO_ENGINE_SUBSTITUTION' */ ;
DELIMITER ;;
CREATE DEFINER=`remote`@`%` FUNCTION `alumno_num`(lisNum varchar(10),gpo varchar(3)) RETURNS int
    DETERMINISTIC
BEGIN
declare c int;
select 
	grupo_listado(gpo) AS `no_lista`
    into c
    from alumnos
    where numero_control = lisNum ;
RETURN c;
END ;;
DELIMITER ;
/*!50003 SET sql_mode              = @saved_sql_mode */ ;
/*!50003 SET character_set_client  = @saved_cs_client */ ;
/*!50003 SET character_set_results = @saved_cs_results */ ;
/*!50003 SET collation_connection  = @saved_col_connection */ ;
/*!50003 DROP FUNCTION IF EXISTS `grupo_alumnos_count` */;
/*!50003 SET @saved_cs_client      = @@character_set_client */ ;
/*!50003 SET @saved_cs_results     = @@character_set_results */ ;
/*!50003 SET @saved_col_connection = @@collation_connection */ ;
/*!50003 SET character_set_client  = utf8mb4 */ ;
/*!50003 SET character_set_results = utf8mb4 */ ;
/*!50003 SET collation_connection  = utf8mb4_0900_ai_ci */ ;
/*!50003 SET @saved_sql_mode       = @@sql_mode */ ;
/*!50003 SET sql_mode              = 'ONLY_FULL_GROUP_BY,STRICT_TRANS_TABLES,NO_ZERO_IN_DATE,NO_ZERO_DATE,ERROR_FOR_DIVISION_BY_ZERO,NO_ENGINE_SUBSTITUTION' */ ;
DELIMITER ;;
CREATE DEFINER=`remote`@`%` FUNCTION `grupo_alumnos_count`(grupo varchar(3)) RETURNS int
    DETERMINISTIC
BEGIN
	declare rowCount int;
	select count(*) into rowCount from alumnos 
		where
	alumnos.grupo = grupo;
RETURN rowCount;
END ;;
DELIMITER ;
/*!50003 SET sql_mode              = @saved_sql_mode */ ;
/*!50003 SET character_set_client  = @saved_cs_client */ ;
/*!50003 SET character_set_results = @saved_cs_results */ ;
/*!50003 SET collation_connection  = @saved_col_connection */ ;
/*!50003 DROP PROCEDURE IF EXISTS `bol_calif_con_pro` */;
/*!50003 SET @saved_cs_client      = @@character_set_client */ ;
/*!50003 SET @saved_cs_results     = @@character_set_results */ ;
/*!50003 SET @saved_col_connection = @@collation_connection */ ;
/*!50003 SET character_set_client  = utf8mb4 */ ;
/*!50003 SET character_set_results = utf8mb4 */ ;
/*!50003 SET collation_connection  = utf8mb4_0900_ai_ci */ ;
/*!50003 SET @saved_sql_mode       = @@sql_mode */ ;
/*!50003 SET sql_mode              = 'ONLY_FULL_GROUP_BY,STRICT_TRANS_TABLES,NO_ZERO_IN_DATE,NO_ZERO_DATE,ERROR_FOR_DIVISION_BY_ZERO,NO_ENGINE_SUBSTITUTION' */ ;
DELIMITER ;;
CREATE DEFINER=`remote`@`%` PROCEDURE `bol_calif_con_pro`(gpo varchar(40), materia varchar(40), periodo varchar(40), evaluacion varchar(40))
BEGIN
	    SELECT 
        numero_lista,
        `cebdatabase`.`alumnos_visible_view`.`numero_control` AS `numero_control`,
        `cebdatabase`.`alumnos_visible_view`.`nombre_completo` AS `nombre_completo`,
        `cebdatabase`.`alumnos_visible_view`.`grupo` AS `grupo`,
        `cebdatabase`.`calificaciones`.`calificacion_clave` AS `calificacion_clave`,
        `cebdatabase`.`calificaciones`.`materia` AS `materia`,
        `cebdatabase`.`calificaciones`.`periodo` AS `periodo`,
        `cebdatabase`.`alumnos_visible_view`.`semestre` AS `semestre`,
        `cebdatabase`.`calificaciones_booleanas`.`evaluacion` AS `evaluacion`,
        `cebdatabase`.`calificaciones_booleanas`.`calificacion` AS `calificacion`,
        `cebdatabase`.`calificaciones_booleanas`.`faltas` AS `faltas`
    FROM
        `cebdatabase`.`alumnos_visible_view`
        
        LEFT JOIN `cebdatabase`.`calificaciones` 
			ON `cebdatabase`.`alumnos_visible_view`.`numero_control` = `cebdatabase`.`calificaciones`.`clave_alumno`
			AND `cebdatabase`.`calificaciones`.`materia` = materia
			AND `cebdatabase`.`calificaciones`.`periodo` = periodo
        LEFT JOIN `cebdatabase`.`calificaciones_booleanas` 
			ON `cebdatabase`.`calificaciones`.`calificacion_clave` = `cebdatabase`.calificaciones_booleanas.`calificacion_clave`
            AND `cebdatabase`.`calificaciones_booleanas`.`evaluacion` = evaluacion
		where `cebdatabase`.`alumnos_visible_view`.`grupo` = gpo;


END ;;
DELIMITER ;
/*!50003 SET sql_mode              = @saved_sql_mode */ ;
/*!50003 SET character_set_client  = @saved_cs_client */ ;
/*!50003 SET character_set_results = @saved_cs_results */ ;
/*!50003 SET collation_connection  = @saved_col_connection */ ;
/*!50003 DROP PROCEDURE IF EXISTS `bol_calif_full_eval` */;
/*!50003 SET @saved_cs_client      = @@character_set_client */ ;
/*!50003 SET @saved_cs_results     = @@character_set_results */ ;
/*!50003 SET @saved_col_connection = @@collation_connection */ ;
/*!50003 SET character_set_client  = utf8mb4 */ ;
/*!50003 SET character_set_results = utf8mb4 */ ;
/*!50003 SET collation_connection  = utf8mb4_0900_ai_ci */ ;
/*!50003 SET @saved_sql_mode       = @@sql_mode */ ;
/*!50003 SET sql_mode              = 'ONLY_FULL_GROUP_BY,STRICT_TRANS_TABLES,NO_ZERO_IN_DATE,NO_ZERO_DATE,ERROR_FOR_DIVISION_BY_ZERO,NO_ENGINE_SUBSTITUTION' */ ;
DELIMITER ;;
CREATE DEFINER=`remote`@`%` PROCEDURE `bol_calif_full_eval`(gpo varchar(40), materia varchar(40))
BEGIN
	    SELECT 
        numero_lista,
        `cebdatabase`.`alumnos_visible_view`.`numero_control` AS `numero_control`,
        `cebdatabase`.`alumnos_visible_view`.`nombre_completo` AS `nombre_completo`,
        `cebdatabase`.`alumnos_visible_view`.`grupo` AS `grupo`,
        `cebdatabase`.`calificaciones`.`calificacion_clave` AS `calificacion_clave`,
        `cebdatabase`.`calificaciones`.`materia` AS `materia`,
        `cebdatabase`.`calificaciones`.`periodo` AS `periodo`,
        `cebdatabase`.`alumnos_visible_view`.`semestre` AS `semestre`,
        `cebdatabase`.`calificaciones_booleanas`.`evaluacion` AS `evaluacion`,
        `cebdatabase`.`calificaciones_booleanas`.`calificacion` AS `calificacion`,
        `cebdatabase`.`calificaciones_booleanas`.`faltas` AS `faltas`
    FROM
        `cebdatabase`.`alumnos_visible_view`
        
        LEFT JOIN `cebdatabase`.`calificaciones` 
			ON `cebdatabase`.`alumnos_visible_view`.`numero_control` = `cebdatabase`.`calificaciones`.`clave_alumno`
			AND `cebdatabase`.`calificaciones`.`materia` = materia
			AND `cebdatabase`.`calificaciones`.`periodo` = (select periodo from currentperiodo)
        LEFT JOIN `cebdatabase`.`calificaciones_booleanas` 
			ON `cebdatabase`.`calificaciones`.`calificacion_clave` = `cebdatabase`.calificaciones_booleanas.`calificacion_clave`
		where `cebdatabase`.`alumnos_visible_view`.`grupo` = gpo;
END ;;
DELIMITER ;
/*!50003 SET sql_mode              = @saved_sql_mode */ ;
/*!50003 SET character_set_client  = @saved_cs_client */ ;
/*!50003 SET character_set_results = @saved_cs_results */ ;
/*!50003 SET collation_connection  = @saved_col_connection */ ;
/*!50003 DROP PROCEDURE IF EXISTS `delete_trash_from_califas` */;
/*!50003 SET @saved_cs_client      = @@character_set_client */ ;
/*!50003 SET @saved_cs_results     = @@character_set_results */ ;
/*!50003 SET @saved_col_connection = @@collation_connection */ ;
/*!50003 SET character_set_client  = utf8mb4 */ ;
/*!50003 SET character_set_results = utf8mb4 */ ;
/*!50003 SET collation_connection  = utf8mb4_0900_ai_ci */ ;
/*!50003 SET @saved_sql_mode       = @@sql_mode */ ;
/*!50003 SET sql_mode              = 'ONLY_FULL_GROUP_BY,STRICT_TRANS_TABLES,NO_ZERO_IN_DATE,NO_ZERO_DATE,ERROR_FOR_DIVISION_BY_ZERO,NO_ENGINE_SUBSTITUTION' */ ;
DELIMITER ;;
CREATE DEFINER=`remote`@`%` PROCEDURE `delete_trash_from_califas`()
BEGIN
    set sql_safe_updates = 0;
	delete from cebdatabase.calificaciones_numericas where isnull(faltas) and isnull(calificacion);
    delete from cebdatabase.calificaciones_booleanas where isnull(faltas) and isnull(calificacion);
    set sql_safe_updates = 1;
END ;;
DELIMITER ;
/*!50003 SET sql_mode              = @saved_sql_mode */ ;
/*!50003 SET character_set_client  = @saved_cs_client */ ;
/*!50003 SET character_set_results = @saved_cs_results */ ;
/*!50003 SET collation_connection  = @saved_col_connection */ ;
/*!50003 DROP PROCEDURE IF EXISTS `num_calif_con_pro` */;
/*!50003 SET @saved_cs_client      = @@character_set_client */ ;
/*!50003 SET @saved_cs_results     = @@character_set_results */ ;
/*!50003 SET @saved_col_connection = @@collation_connection */ ;
/*!50003 SET character_set_client  = utf8mb4 */ ;
/*!50003 SET character_set_results = utf8mb4 */ ;
/*!50003 SET collation_connection  = utf8mb4_0900_ai_ci */ ;
/*!50003 SET @saved_sql_mode       = @@sql_mode */ ;
/*!50003 SET sql_mode              = 'ONLY_FULL_GROUP_BY,STRICT_TRANS_TABLES,NO_ZERO_IN_DATE,NO_ZERO_DATE,ERROR_FOR_DIVISION_BY_ZERO,NO_ENGINE_SUBSTITUTION' */ ;
DELIMITER ;;
CREATE DEFINER=`remote`@`%` PROCEDURE `num_calif_con_pro`(gpo varchar(40), materia varchar(40), periodo varchar(40), evaluacion varchar(40))
BEGIN
	    SELECT 
        numero_lista,
        `cebdatabase`.`alumnos_visible_view`.`numero_control` AS `numero_control`,
        `cebdatabase`.`alumnos_visible_view`.`nombre_completo` AS `nombre_completo`,
        `cebdatabase`.`alumnos_visible_view`.`grupo` AS `grupo`,
        `cebdatabase`.`calificaciones`.`calificacion_clave` AS `calificacion_clave`,
        `cebdatabase`.`calificaciones`.`materia` AS `materia`,
        `cebdatabase`.`calificaciones`.`periodo` AS `periodo`,
        `cebdatabase`.`alumnos_visible_view`.`semestre` AS `semestre`,
        `cebdatabase`.`calificaciones_numericas`.`evaluacion` AS `evaluacion`,
        `cebdatabase`.`calificaciones_numericas`.`calificacion` AS `calificacion`,
        `cebdatabase`.`calificaciones_numericas`.`faltas` AS `faltas`
    FROM
        `cebdatabase`.`alumnos_visible_view`
        
        LEFT JOIN `cebdatabase`.`calificaciones` 
			ON `cebdatabase`.`alumnos_visible_view`.`numero_control` = `cebdatabase`.`calificaciones`.`clave_alumno`
			AND `cebdatabase`.`calificaciones`.`materia` = materia
			AND `cebdatabase`.`calificaciones`.`periodo` = periodo
        LEFT JOIN `cebdatabase`.`calificaciones_numericas` 
			ON `cebdatabase`.`calificaciones`.`calificacion_clave` = `cebdatabase`.calificaciones_numericas.`calificacion_clave`
            AND `cebdatabase`.`calificaciones_numericas`.`evaluacion` = evaluacion
		where `cebdatabase`.`alumnos_visible_view`.`grupo` = gpo;
END ;;
DELIMITER ;
/*!50003 SET sql_mode              = @saved_sql_mode */ ;
/*!50003 SET character_set_client  = @saved_cs_client */ ;
/*!50003 SET character_set_results = @saved_cs_results */ ;
/*!50003 SET collation_connection  = @saved_col_connection */ ;
/*!50003 DROP PROCEDURE IF EXISTS `num_calif_full_eval` */;
/*!50003 SET @saved_cs_client      = @@character_set_client */ ;
/*!50003 SET @saved_cs_results     = @@character_set_results */ ;
/*!50003 SET @saved_col_connection = @@collation_connection */ ;
/*!50003 SET character_set_client  = utf8mb4 */ ;
/*!50003 SET character_set_results = utf8mb4 */ ;
/*!50003 SET collation_connection  = utf8mb4_0900_ai_ci */ ;
/*!50003 SET @saved_sql_mode       = @@sql_mode */ ;
/*!50003 SET sql_mode              = 'ONLY_FULL_GROUP_BY,STRICT_TRANS_TABLES,NO_ZERO_IN_DATE,NO_ZERO_DATE,ERROR_FOR_DIVISION_BY_ZERO,NO_ENGINE_SUBSTITUTION' */ ;
DELIMITER ;;
CREATE DEFINER=`remote`@`%` PROCEDURE `num_calif_full_eval`(gpo varchar(40), materia varchar(40))
BEGIN
	    SELECT 
        numero_lista,
        `cebdatabase`.`alumnos_visible_view`.`numero_control` AS `numero_control`,
        `cebdatabase`.`alumnos_visible_view`.`nombre_completo` AS `nombre_completo`,
        `cebdatabase`.`alumnos_visible_view`.`grupo` AS `grupo`,
        `cebdatabase`.`calificaciones`.`calificacion_clave` AS `calificacion_clave`,
        `cebdatabase`.`calificaciones`.`materia` AS `materia`,
        `cebdatabase`.`calificaciones`.`periodo` AS `periodo`,
        `cebdatabase`.`alumnos_visible_view`.`semestre` AS `semestre`,
        `cebdatabase`.`calificaciones_numericas`.`evaluacion` AS `evaluacion`,
        `cebdatabase`.`calificaciones_numericas`.`calificacion` AS `calificacion`,
        `cebdatabase`.`calificaciones_numericas`.`faltas` AS `faltas`
    FROM
        `cebdatabase`.`alumnos_visible_view`
        
        LEFT JOIN `cebdatabase`.`calificaciones` 
			ON `cebdatabase`.`alumnos_visible_view`.`numero_control` = `cebdatabase`.`calificaciones`.`clave_alumno`
			AND `cebdatabase`.`calificaciones`.`materia` = materia
			AND `cebdatabase`.`calificaciones`.`periodo` = (select periodo from currentperiodo)
        LEFT JOIN `cebdatabase`.`calificaciones_numericas` 
			ON `cebdatabase`.`calificaciones`.`calificacion_clave` = `cebdatabase`.calificaciones_numericas.`calificacion_clave`
		where `cebdatabase`.`alumnos_visible_view`.`grupo` = gpo;
END ;;
DELIMITER ;
/*!50003 SET sql_mode              = @saved_sql_mode */ ;
/*!50003 SET character_set_client  = @saved_cs_client */ ;
/*!50003 SET character_set_results = @saved_cs_results */ ;
/*!50003 SET collation_connection  = @saved_col_connection */ ;
/*!50003 DROP PROCEDURE IF EXISTS `sem_calif_con_pro` */;
/*!50003 SET @saved_cs_client      = @@character_set_client */ ;
/*!50003 SET @saved_cs_results     = @@character_set_results */ ;
/*!50003 SET @saved_col_connection = @@collation_connection */ ;
/*!50003 SET character_set_client  = utf8mb4 */ ;
/*!50003 SET character_set_results = utf8mb4 */ ;
/*!50003 SET collation_connection  = utf8mb4_0900_ai_ci */ ;
/*!50003 SET @saved_sql_mode       = @@sql_mode */ ;
/*!50003 SET sql_mode              = 'ONLY_FULL_GROUP_BY,STRICT_TRANS_TABLES,NO_ZERO_IN_DATE,NO_ZERO_DATE,ERROR_FOR_DIVISION_BY_ZERO,NO_ENGINE_SUBSTITUTION' */ ;
DELIMITER ;;
CREATE DEFINER=`remote`@`%` PROCEDURE `sem_calif_con_pro`(gpo varchar(40), materia varchar(40), periodo varchar(40))
BEGIN
	    SELECT 
        numero_lista,
        `cebdatabase`.`alumnos_visible_view`.`numero_control` AS `numero_control`,
        `cebdatabase`.`alumnos_visible_view`.`nombre_completo` AS `nombre_completo`,
        `cebdatabase`.`alumnos_visible_view`.`grupo` AS `grupo`,
        `cebdatabase`.`calificaciones`.`calificacion_clave` AS `calificacion_clave`,
        `cebdatabase`.`calificaciones`.`materia` AS `materia`,
        `cebdatabase`.`calificaciones`.`periodo` AS `periodo`,
        `cebdatabase`.`alumnos_visible_view`.`semestre` AS `semestre`,
        `cebdatabase`.`calificaciones_semestrales`.`calificacion` AS `calificacion`
    FROM
        `cebdatabase`.`alumnos_visible_view`
        
        LEFT JOIN `cebdatabase`.`calificaciones` 
			ON `cebdatabase`.`alumnos_visible_view`.`numero_control` = `cebdatabase`.`calificaciones`.`clave_alumno`
			AND `cebdatabase`.`calificaciones`.`materia` = materia
			AND `cebdatabase`.`calificaciones`.`periodo` = periodo
        LEFT JOIN `cebdatabase`.`calificaciones_semestrales` 
			ON `cebdatabase`.`calificaciones`.`calificacion_clave` = `cebdatabase`.calificaciones_semestrales.`calificacion_clave`
		where `cebdatabase`.`alumnos_visible_view`.`grupo` = gpo;
END ;;
DELIMITER ;
/*!50003 SET sql_mode              = @saved_sql_mode */ ;
/*!50003 SET character_set_client  = @saved_cs_client */ ;
/*!50003 SET character_set_results = @saved_cs_results */ ;
/*!50003 SET collation_connection  = @saved_col_connection */ ;
/*!50003 DROP PROCEDURE IF EXISTS `sem_calif_full_eval` */;
/*!50003 SET @saved_cs_client      = @@character_set_client */ ;
/*!50003 SET @saved_cs_results     = @@character_set_results */ ;
/*!50003 SET @saved_col_connection = @@collation_connection */ ;
/*!50003 SET character_set_client  = utf8mb4 */ ;
/*!50003 SET character_set_results = utf8mb4 */ ;
/*!50003 SET collation_connection  = utf8mb4_0900_ai_ci */ ;
/*!50003 SET @saved_sql_mode       = @@sql_mode */ ;
/*!50003 SET sql_mode              = 'ONLY_FULL_GROUP_BY,STRICT_TRANS_TABLES,NO_ZERO_IN_DATE,NO_ZERO_DATE,ERROR_FOR_DIVISION_BY_ZERO,NO_ENGINE_SUBSTITUTION' */ ;
DELIMITER ;;
CREATE DEFINER=`remote`@`%` PROCEDURE `sem_calif_full_eval`(gpo varchar(40), materia varchar(40))
BEGIN
	    SELECT 
        numero_lista,
        `cebdatabase`.`alumnos_visible_view`.`numero_control` AS `numero_control`,
        `cebdatabase`.`alumnos_visible_view`.`nombre_completo` AS `nombre_completo`,
        `cebdatabase`.`alumnos_visible_view`.`grupo` AS `grupo`,
        `cebdatabase`.`calificaciones`.`calificacion_clave` AS `calificacion_clave`,
        `cebdatabase`.`calificaciones`.`materia` AS `materia`,
        `cebdatabase`.`calificaciones`.`periodo` AS `periodo`,
        `cebdatabase`.`alumnos_visible_view`.`semestre` AS `semestre`,
        `cebdatabase`.`calificaciones_semestrales`.`calificacion` AS `calificacion`
    FROM
        `cebdatabase`.`alumnos_visible_view`
        
        LEFT JOIN `cebdatabase`.`calificaciones` 
			ON `cebdatabase`.`alumnos_visible_view`.`numero_control` = `cebdatabase`.`calificaciones`.`clave_alumno`
			AND `cebdatabase`.`calificaciones`.`materia` = materia
			AND `cebdatabase`.`calificaciones`.`periodo` = (select periodo from currentperiodo)
        LEFT JOIN `cebdatabase`.`calificaciones_semestrales` 
			ON `cebdatabase`.`calificaciones`.`calificacion_clave` = `cebdatabase`.calificaciones_semestrales.`calificacion_clave`
		where `cebdatabase`.`alumnos_visible_view`.`grupo` = gpo;
END ;;
DELIMITER ;
/*!50003 SET sql_mode              = @saved_sql_mode */ ;
/*!50003 SET character_set_client  = @saved_cs_client */ ;
/*!50003 SET character_set_results = @saved_cs_results */ ;
/*!50003 SET collation_connection  = @saved_col_connection */ ;

--
-- Final view structure for view `alumno_bol_califa_charge_view`
--

/*!50001 DROP VIEW IF EXISTS `alumno_bol_califa_charge_view`*/;
/*!50001 SET @saved_cs_client          = @@character_set_client */;
/*!50001 SET @saved_cs_results         = @@character_set_results */;
/*!50001 SET @saved_col_connection     = @@collation_connection */;
/*!50001 SET character_set_client      = utf8mb4 */;
/*!50001 SET character_set_results     = utf8mb4 */;
/*!50001 SET collation_connection      = utf8mb4_0900_ai_ci */;
/*!50001 CREATE ALGORITHM=UNDEFINED */
/*!50013 DEFINER=`remote`@`%` SQL SECURITY DEFINER */
/*!50001 VIEW `alumno_bol_califa_charge_view` AS select `alumno_califa_charge_view`.`numero_lista` AS `numero_lista`,`alumno_califa_charge_view`.`numero_control` AS `numero_control`,`alumno_califa_charge_view`.`nombre_completo` AS `nombre_completo`,`alumno_califa_charge_view`.`grupo` AS `grupo`,`alumno_califa_charge_view`.`semestre` AS `semestre`,`alumno_califa_charge_view`.`calificacion_clave` AS `calificacion_clave`,`alumno_califa_charge_view`.`materia` AS `materia`,`alumno_califa_charge_view`.`nombre_abr` AS `nombre_abr`,`alumno_califa_charge_view`.`periodo` AS `periodo`,`alumno_califa_charge_view`.`orden` AS `orden`,`calificaciones_booleanas_view`.`evaluacion` AS `evaluacion`,`calificaciones_booleanas_view`.`calificacion` AS `calificacion`,`calificaciones_booleanas_view`.`faltas` AS `faltas`,`calificaciones_booleanas_view`.`tipo_calificacion` AS `tipo_calificacion` from (`alumno_califa_charge_view` left join `calificaciones_booleanas_view` on((`alumno_califa_charge_view`.`calificacion_clave` = `calificaciones_booleanas_view`.`calificacion_clave`))) where (`calificaciones_booleanas_view`.`tipo_calificacion` = 'A/NA') */;
/*!50001 SET character_set_client      = @saved_cs_client */;
/*!50001 SET character_set_results     = @saved_cs_results */;
/*!50001 SET collation_connection      = @saved_col_connection */;

--
-- Final view structure for view `alumno_califa_charge_view`
--

/*!50001 DROP VIEW IF EXISTS `alumno_califa_charge_view`*/;
/*!50001 SET @saved_cs_client          = @@character_set_client */;
/*!50001 SET @saved_cs_results         = @@character_set_results */;
/*!50001 SET @saved_col_connection     = @@collation_connection */;
/*!50001 SET character_set_client      = utf8mb4 */;
/*!50001 SET character_set_results     = utf8mb4 */;
/*!50001 SET collation_connection      = utf8mb4_0900_ai_ci */;
/*!50001 CREATE ALGORITHM=UNDEFINED */
/*!50013 DEFINER=`remote`@`%` SQL SECURITY DEFINER */
/*!50001 VIEW `alumno_califa_charge_view` AS select `alumnos_visible_view`.`numero_lista` AS `numero_lista`,`alumnos_visible_view`.`numero_control` AS `numero_control`,`alumnos_visible_view`.`nombre_completo` AS `nombre_completo`,`alumnos_visible_view`.`grupo` AS `grupo`,`alumnos_visible_view`.`semestre` AS `semestre`,`calificaciones_view`.`calificacion_clave` AS `calificacion_clave`,`calificaciones_view`.`materia` AS `materia`,`calificaciones_view`.`nombre_abr` AS `nombre_abr`,`calificaciones_view`.`orden` AS `orden`,`calificaciones_view`.`periodo` AS `periodo`,`calificaciones_view`.`tipo_calificacion` AS `tipo_calificacion` from (`alumnos_visible_view` left join `calificaciones_view` on((`alumnos_visible_view`.`numero_control` = `calificaciones_view`.`clave_alumno`))) */;
/*!50001 SET character_set_client      = @saved_cs_client */;
/*!50001 SET character_set_results     = @saved_cs_results */;
/*!50001 SET collation_connection      = @saved_col_connection */;

--
-- Final view structure for view `alumno_num_califa_charge_view`
--

/*!50001 DROP VIEW IF EXISTS `alumno_num_califa_charge_view`*/;
/*!50001 SET @saved_cs_client          = @@character_set_client */;
/*!50001 SET @saved_cs_results         = @@character_set_results */;
/*!50001 SET @saved_col_connection     = @@collation_connection */;
/*!50001 SET character_set_client      = utf8mb4 */;
/*!50001 SET character_set_results     = utf8mb4 */;
/*!50001 SET collation_connection      = utf8mb4_0900_ai_ci */;
/*!50001 CREATE ALGORITHM=UNDEFINED */
/*!50013 DEFINER=`remote`@`%` SQL SECURITY DEFINER */
/*!50001 VIEW `alumno_num_califa_charge_view` AS select `alumno_califa_charge_view`.`numero_lista` AS `numero_lista`,`alumno_califa_charge_view`.`numero_control` AS `numero_control`,`alumno_califa_charge_view`.`nombre_completo` AS `nombre_completo`,`alumno_califa_charge_view`.`grupo` AS `grupo`,`alumno_califa_charge_view`.`semestre` AS `semestre`,`alumno_califa_charge_view`.`calificacion_clave` AS `calificacion_clave`,`alumno_califa_charge_view`.`materia` AS `materia`,`alumno_califa_charge_view`.`nombre_abr` AS `nombre_abr`,`alumno_califa_charge_view`.`periodo` AS `periodo`,`alumno_califa_charge_view`.`orden` AS `orden`,`calificaciones_numericas_view`.`evaluacion` AS `evaluacion`,`calificaciones_numericas_view`.`calificacion` AS `calificacion`,`calificaciones_numericas_view`.`faltas` AS `faltas`,`alumno_califa_charge_view`.`tipo_calificacion` AS `tipo_calificacion` from (`alumno_califa_charge_view` left join `calificaciones_numericas_view` on((`alumno_califa_charge_view`.`calificacion_clave` = `calificaciones_numericas_view`.`calificacion_clave`))) where (`alumno_califa_charge_view`.`tipo_calificacion` = 'Numérica') */;
/*!50001 SET character_set_client      = @saved_cs_client */;
/*!50001 SET character_set_results     = @saved_cs_results */;
/*!50001 SET collation_connection      = @saved_col_connection */;

--
-- Final view structure for view `alumno_sem_califa_charge_view`
--

/*!50001 DROP VIEW IF EXISTS `alumno_sem_califa_charge_view`*/;
/*!50001 SET @saved_cs_client          = @@character_set_client */;
/*!50001 SET @saved_cs_results         = @@character_set_results */;
/*!50001 SET @saved_col_connection     = @@collation_connection */;
/*!50001 SET character_set_client      = utf8mb4 */;
/*!50001 SET character_set_results     = utf8mb4 */;
/*!50001 SET collation_connection      = utf8mb4_0900_ai_ci */;
/*!50001 CREATE ALGORITHM=UNDEFINED */
/*!50013 DEFINER=`remote`@`%` SQL SECURITY DEFINER */
/*!50001 VIEW `alumno_sem_califa_charge_view` AS select `alumno_califa_charge_view`.`numero_lista` AS `numero_lista`,`alumno_califa_charge_view`.`numero_control` AS `numero_control`,`alumno_califa_charge_view`.`nombre_completo` AS `nombre_completo`,`alumno_califa_charge_view`.`grupo` AS `grupo`,`alumno_califa_charge_view`.`semestre` AS `semestre`,`alumno_califa_charge_view`.`calificacion_clave` AS `calificacion_clave`,`alumno_califa_charge_view`.`materia` AS `materia`,`alumno_califa_charge_view`.`nombre_abr` AS `nombre_abr`,`alumno_califa_charge_view`.`periodo` AS `periodo`,`calificaciones_semestrales`.`calificacion` AS `calificacion`,`alumno_califa_charge_view`.`orden` AS `orden` from (`alumno_califa_charge_view` left join `calificaciones_semestrales` on((`alumno_califa_charge_view`.`calificacion_clave` = `calificaciones_semestrales`.`calificacion_clave`))) */;
/*!50001 SET character_set_client      = @saved_cs_client */;
/*!50001 SET character_set_results     = @saved_cs_results */;
/*!50001 SET collation_connection      = @saved_col_connection */;

--
-- Final view structure for view `alumnos_contacto_view_specialized`
--

/*!50001 DROP VIEW IF EXISTS `alumnos_contacto_view_specialized`*/;
/*!50001 SET @saved_cs_client          = @@character_set_client */;
/*!50001 SET @saved_cs_results         = @@character_set_results */;
/*!50001 SET @saved_col_connection     = @@collation_connection */;
/*!50001 SET character_set_client      = utf8mb4 */;
/*!50001 SET character_set_results     = utf8mb4 */;
/*!50001 SET collation_connection      = utf8mb4_0900_ai_ci */;
/*!50001 CREATE ALGORITHM=UNDEFINED */
/*!50013 DEFINER=`root`@`localhost` SQL SECURITY DEFINER */
/*!50001 VIEW `alumnos_contacto_view_specialized` AS select `alumnos_contacto`.`numero_control` AS `numero_control`,`alumnos_visible_view`.`nombre_completo` AS `nombre_completo`,`alumnos_visible_view`.`fecha_nacimiento` AS `fecha_nacimiento`,`alumnos_visible_view`.`CURP` AS `CURP`,concat(`alumnos_contacto`.`colonia`,' ',`alumnos_contacto`.`domicilio`,', ',`alumnos_contacto`.`localidad`) AS `domicilio`,`alumnos_contacto`.`num_telefonico` AS `num_telefonico`,`tutores`.`nombres` AS `nombres`,`tutores`.`ocupacion` AS `ocupacion`,`tutores`.`telefono` AS `telefono` from ((`alumnos_contacto` left join `alumnos_visible_view` on((`alumnos_visible_view`.`numero_control` = `alumnos_contacto`.`numero_control`))) left join `tutores` on((`tutores`.`numero_control` = `alumnos_contacto`.`numero_control`))) */;
/*!50001 SET character_set_client      = @saved_cs_client */;
/*!50001 SET character_set_results     = @saved_cs_results */;
/*!50001 SET collation_connection      = @saved_col_connection */;

--
-- Final view structure for view `alumnos_sin_pass`
--

/*!50001 DROP VIEW IF EXISTS `alumnos_sin_pass`*/;
/*!50001 SET @saved_cs_client          = @@character_set_client */;
/*!50001 SET @saved_cs_results         = @@character_set_results */;
/*!50001 SET @saved_col_connection     = @@collation_connection */;
/*!50001 SET character_set_client      = utf8mb4 */;
/*!50001 SET character_set_results     = utf8mb4 */;
/*!50001 SET collation_connection      = utf8mb4_0900_ai_ci */;
/*!50001 CREATE ALGORITHM=UNDEFINED */
/*!50013 DEFINER=`remote`@`%` SQL SECURITY DEFINER */
/*!50001 VIEW `alumnos_sin_pass` AS select `alumnos`.`numero_control` AS `numero_control`,`alumnos`.`email` AS `email`,`alumnos`.`nombres` AS `nombres` from (`alumnos` left join `webUsers` on((`alumnos`.`numero_control` = `webUsers`.`numero_control`))) where ((`webUsers`.`password` is null) and (`alumnos`.`email` is not null) and (`alumnos`.`email` <> '')) */;
/*!50001 SET character_set_client      = @saved_cs_client */;
/*!50001 SET character_set_results     = @saved_cs_results */;
/*!50001 SET collation_connection      = @saved_col_connection */;

--
-- Final view structure for view `alumnos_view`
--

/*!50001 DROP VIEW IF EXISTS `alumnos_view`*/;
/*!50001 SET @saved_cs_client          = @@character_set_client */;
/*!50001 SET @saved_cs_results         = @@character_set_results */;
/*!50001 SET @saved_col_connection     = @@collation_connection */;
/*!50001 SET character_set_client      = utf8mb4 */;
/*!50001 SET character_set_results     = utf8mb4 */;
/*!50001 SET collation_connection      = utf8mb4_0900_ai_ci */;
/*!50001 CREATE ALGORITHM=UNDEFINED */
/*!50013 DEFINER=`root`@`localhost` SQL SECURITY DEFINER */
/*!50001 VIEW `alumnos_view` AS select `alumnos`.`numero_control` AS `numero_control`,`alumnos`.`nombres` AS `nombres`,`alumnos`.`apellido_paterno` AS `apellido_paterno`,`alumnos`.`apellido_materno` AS `apellido_materno`,`alumnos`.`grupo` AS `grupo`,`alumnos`.`semestre` AS `semestre`,`alumnos`.`sexo` AS `sexo`,`alumnos`.`fecha_nacimiento` AS `fecha_nacimiento`,`alumnos`.`CURP` AS `CURP`,`alumnos`.`email` AS `email` from `alumnos` order by `alumnos`.`apellido_paterno` */;
/*!50001 SET character_set_client      = @saved_cs_client */;
/*!50001 SET character_set_results     = @saved_cs_results */;
/*!50001 SET collation_connection      = @saved_col_connection */;

--
-- Final view structure for view `alumnos_visible_view`
--

/*!50001 DROP VIEW IF EXISTS `alumnos_visible_view`*/;
/*!50001 SET @saved_cs_client          = @@character_set_client */;
/*!50001 SET @saved_cs_results         = @@character_set_results */;
/*!50001 SET @saved_col_connection     = @@collation_connection */;
/*!50001 SET character_set_client      = utf8mb4 */;
/*!50001 SET character_set_results     = utf8mb4 */;
/*!50001 SET collation_connection      = utf8mb4_0900_ai_ci */;
/*!50001 CREATE ALGORITHM=UNDEFINED */
/*!50013 DEFINER=`root`@`localhost` SQL SECURITY DEFINER */
/*!50001 VIEW `alumnos_visible_view` AS select `alumnos_view`.`numero_control` AS `numero_control`,concat(`alumnos_view`.`nombres`,' ',`alumnos_view`.`apellido_paterno`,' ',`alumnos_view`.`apellido_materno`) AS `nombre_completo`,`alumnos_view`.`grupo` AS `grupo`,`alumnos_view`.`semestre` AS `semestre`,`alumnos_view`.`sexo` AS `sexo`,`alumnos_view`.`fecha_nacimiento` AS `fecha_nacimiento`,`alumnos_view`.`CURP` AS `CURP`,`cebdatabase`.`alumno_no_li`(`alumnos_view`.`grupo`,`alumnos_view`.`numero_control`) AS `numero_lista`,`alumnos_view`.`email` AS `email` from `alumnos_view` */;
/*!50001 SET character_set_client      = @saved_cs_client */;
/*!50001 SET character_set_results     = @saved_cs_results */;
/*!50001 SET collation_connection      = @saved_col_connection */;

--
-- Final view structure for view `asignaturas_horario_view`
--

/*!50001 DROP VIEW IF EXISTS `asignaturas_horario_view`*/;
/*!50001 SET @saved_cs_client          = @@character_set_client */;
/*!50001 SET @saved_cs_results         = @@character_set_results */;
/*!50001 SET @saved_col_connection     = @@collation_connection */;
/*!50001 SET character_set_client      = utf8mb4 */;
/*!50001 SET character_set_results     = utf8mb4 */;
/*!50001 SET collation_connection      = utf8mb4_0900_ai_ci */;
/*!50001 CREATE ALGORITHM=UNDEFINED */
/*!50013 DEFINER=`root`@`localhost` SQL SECURITY DEFINER */
/*!50001 VIEW `asignaturas_horario_view` AS select `horarios_view`.`materia` AS `materia`,`asignaturas_visible_view`.`nombre_abr` AS `nombre_abr`,`horarios_view`.`grupo` AS `grupo`,`asignaturas_visible_view`.`profesor` AS `profesor`,`asignaturas_visible_view`.`nombre_completo` AS `nombre_completo`,`horarios_view`.`hora` AS `hora`,`horarios_view`.`hora_c` AS `hora_c`,`horarios_view`.`dia` AS `dia`,`asignaturas_visible_view`.`aula` AS `aula` from (`horarios_view` join `asignaturas_visible_view` on(((`horarios_view`.`grupo` = `asignaturas_visible_view`.`grupo`) and (`horarios_view`.`materia` = `asignaturas_visible_view`.`materia`)))) */;
/*!50001 SET character_set_client      = @saved_cs_client */;
/*!50001 SET character_set_results     = @saved_cs_results */;
/*!50001 SET collation_connection      = @saved_col_connection */;

--
-- Final view structure for view `asignaturas_visible_view`
--

/*!50001 DROP VIEW IF EXISTS `asignaturas_visible_view`*/;
/*!50001 SET @saved_cs_client          = @@character_set_client */;
/*!50001 SET @saved_cs_results         = @@character_set_results */;
/*!50001 SET @saved_col_connection     = @@collation_connection */;
/*!50001 SET character_set_client      = utf8mb4 */;
/*!50001 SET character_set_results     = utf8mb4 */;
/*!50001 SET collation_connection      = utf8mb4_0900_ai_ci */;
/*!50001 CREATE ALGORITHM=UNDEFINED */
/*!50013 DEFINER=`root`@`localhost` SQL SECURITY DEFINER */
/*!50001 VIEW `asignaturas_visible_view` AS select `asignaturas`.`grupo` AS `grupo`,`asignaturas`.`materia` AS `materia`,`materias`.`nombre_abr` AS `nombre_abr`,`asignaturas`.`profesor` AS `profesor`,`profesores_visible_view`.`nombre_completo` AS `nombre_completo`,`asignaturas`.`aula` AS `aula` from ((`asignaturas` join `materias` on((`asignaturas`.`materia` = `materias`.`clave_materia`))) join `profesores_visible_view` on((`asignaturas`.`profesor` = `profesores_visible_view`.`clave_profesor`))) */;
/*!50001 SET character_set_client      = @saved_cs_client */;
/*!50001 SET character_set_results     = @saved_cs_results */;
/*!50001 SET collation_connection      = @saved_col_connection */;

--
-- Final view structure for view `bajas_visible_view`
--

/*!50001 DROP VIEW IF EXISTS `bajas_visible_view`*/;
/*!50001 SET @saved_cs_client          = @@character_set_client */;
/*!50001 SET @saved_cs_results         = @@character_set_results */;
/*!50001 SET @saved_col_connection     = @@collation_connection */;
/*!50001 SET character_set_client      = utf8mb4 */;
/*!50001 SET character_set_results     = utf8mb4 */;
/*!50001 SET collation_connection      = utf8mb4_0900_ai_ci */;
/*!50001 CREATE ALGORITHM=UNDEFINED */
/*!50013 DEFINER=`remote`@`%` SQL SECURITY DEFINER */
/*!50001 VIEW `bajas_visible_view` AS select `alumnos_view`.`numero_control` AS `numero_control`,concat(`alumnos_view`.`nombres`,' ',`alumnos_view`.`apellido_paterno`,' ',`alumnos_view`.`apellido_materno`) AS `nombre_completo`,`alumnos_view`.`grupo` AS `grupo`,`alumnos_view`.`semestre` AS `semestre`,`alumnos_view`.`sexo` AS `sexo`,`alumnos_view`.`fecha_nacimiento` AS `fecha_nacimiento`,`alumnos_view`.`CURP` AS `CURP`,`cebdatabase`.`alumno_no_li`(`alumnos_view`.`grupo`,`alumnos_view`.`numero_control`) AS `numero_lista`,`alumnos_view`.`email` AS `email` from (`bajas` join `alumnos_view` on((`alumnos_view`.`numero_control` = `bajas`.`numero_control`))) */;
/*!50001 SET character_set_client      = @saved_cs_client */;
/*!50001 SET character_set_results     = @saved_cs_results */;
/*!50001 SET collation_connection      = @saved_col_connection */;

--
-- Final view structure for view `calificaciones_booleanas_view`
--

/*!50001 DROP VIEW IF EXISTS `calificaciones_booleanas_view`*/;
/*!50001 SET @saved_cs_client          = @@character_set_client */;
/*!50001 SET @saved_cs_results         = @@character_set_results */;
/*!50001 SET @saved_col_connection     = @@collation_connection */;
/*!50001 SET character_set_client      = utf8mb4 */;
/*!50001 SET character_set_results     = utf8mb4 */;
/*!50001 SET collation_connection      = utf8mb4_0900_ai_ci */;
/*!50001 CREATE ALGORITHM=UNDEFINED */
/*!50013 DEFINER=`root`@`localhost` SQL SECURITY DEFINER */
/*!50001 VIEW `calificaciones_booleanas_view` AS select `calificaciones_booleanas`.`calificacion_clave` AS `calificacion_clave`,`calificaciones_view`.`clave_alumno` AS `clave_alumno`,`calificaciones_view`.`materia` AS `materia`,`calificaciones_view`.`nombre_abr` AS `nombre_abr`,`calificaciones_view`.`tipo_calificacion` AS `tipo_calificacion`,`calificaciones_view`.`semestre` AS `semestre`,`calificaciones_view`.`periodo` AS `periodo`,`calificaciones_booleanas`.`calificacion` AS `calificacion`,`calificaciones_booleanas`.`evaluacion` AS `evaluacion`,`calificaciones_booleanas`.`faltas` AS `faltas` from (`calificaciones_booleanas` join `calificaciones_view` on((`calificaciones_booleanas`.`calificacion_clave` = `calificaciones_view`.`calificacion_clave`))) */;
/*!50001 SET character_set_client      = @saved_cs_client */;
/*!50001 SET character_set_results     = @saved_cs_results */;
/*!50001 SET collation_connection      = @saved_col_connection */;

--
-- Final view structure for view `calificaciones_numericas_view`
--

/*!50001 DROP VIEW IF EXISTS `calificaciones_numericas_view`*/;
/*!50001 SET @saved_cs_client          = @@character_set_client */;
/*!50001 SET @saved_cs_results         = @@character_set_results */;
/*!50001 SET @saved_col_connection     = @@collation_connection */;
/*!50001 SET character_set_client      = utf8mb4 */;
/*!50001 SET character_set_results     = utf8mb4 */;
/*!50001 SET collation_connection      = utf8mb4_0900_ai_ci */;
/*!50001 CREATE ALGORITHM=UNDEFINED */
/*!50013 DEFINER=`root`@`localhost` SQL SECURITY DEFINER */
/*!50001 VIEW `calificaciones_numericas_view` AS select `calificaciones_numericas`.`calificacion_clave` AS `calificacion_clave`,`calificaciones`.`clave_alumno` AS `clave_alumno`,`calificaciones`.`materia` AS `materia`,`calificaciones_view`.`nombre_abr` AS `nombre_abr`,`calificaciones`.`semestre` AS `semestre`,`calificaciones`.`periodo` AS `periodo`,`calificaciones_numericas`.`calificacion` AS `calificacion`,`calificaciones_numericas`.`evaluacion` AS `evaluacion`,`calificaciones_numericas`.`faltas` AS `faltas` from ((`calificaciones_numericas` join `calificaciones` on((`calificaciones_numericas`.`calificacion_clave` = `calificaciones`.`calificacion_clave`))) join `calificaciones_view` on((`calificaciones_numericas`.`calificacion_clave` = `calificaciones_view`.`calificacion_clave`))) */;
/*!50001 SET character_set_client      = @saved_cs_client */;
/*!50001 SET character_set_results     = @saved_cs_results */;
/*!50001 SET collation_connection      = @saved_col_connection */;

--
-- Final view structure for view `calificaciones_semestrales_view`
--

/*!50001 DROP VIEW IF EXISTS `calificaciones_semestrales_view`*/;
/*!50001 SET @saved_cs_client          = @@character_set_client */;
/*!50001 SET @saved_cs_results         = @@character_set_results */;
/*!50001 SET @saved_col_connection     = @@collation_connection */;
/*!50001 SET character_set_client      = utf8mb4 */;
/*!50001 SET character_set_results     = utf8mb4 */;
/*!50001 SET collation_connection      = utf8mb4_0900_ai_ci */;
/*!50001 CREATE ALGORITHM=UNDEFINED */
/*!50013 DEFINER=`root`@`localhost` SQL SECURITY DEFINER */
/*!50001 VIEW `calificaciones_semestrales_view` AS select `calificaciones_semestrales`.`calificacion_clave` AS `calificacion_clave`,`calificaciones`.`clave_alumno` AS `clave_alumno`,`calificaciones`.`semestre` AS `semestre`,`calificaciones`.`periodo` AS `periodo`,`calificaciones`.`materia` AS `materia`,`calificaciones_view`.`nombre_abr` AS `nombre_abr`,`calificaciones_semestrales`.`calificacion` AS `calificacion` from ((`calificaciones_semestrales` join `calificaciones` on((`calificaciones_semestrales`.`calificacion_clave` = `calificaciones`.`calificacion_clave`))) join `calificaciones_view` on((`calificaciones_semestrales`.`calificacion_clave` = `calificaciones_view`.`calificacion_clave`))) */;
/*!50001 SET character_set_client      = @saved_cs_client */;
/*!50001 SET character_set_results     = @saved_cs_results */;
/*!50001 SET collation_connection      = @saved_col_connection */;

--
-- Final view structure for view `calificaciones_view`
--

/*!50001 DROP VIEW IF EXISTS `calificaciones_view`*/;
/*!50001 SET @saved_cs_client          = @@character_set_client */;
/*!50001 SET @saved_cs_results         = @@character_set_results */;
/*!50001 SET @saved_col_connection     = @@collation_connection */;
/*!50001 SET character_set_client      = utf8mb4 */;
/*!50001 SET character_set_results     = utf8mb4 */;
/*!50001 SET collation_connection      = utf8mb4_0900_ai_ci */;
/*!50001 CREATE ALGORITHM=UNDEFINED */
/*!50013 DEFINER=`root`@`localhost` SQL SECURITY DEFINER */
/*!50001 VIEW `calificaciones_view` AS select `calificaciones`.`calificacion_clave` AS `calificacion_clave`,`calificaciones`.`clave_alumno` AS `clave_alumno`,`planes_estudio_materias`.`orden` AS `orden`,`calificaciones`.`materia` AS `materia`,`materias`.`nombre_abr` AS `nombre_abr`,`calificaciones`.`semestre` AS `semestre`,`materias`.`tipo_calificacion` AS `tipo_calificacion`,`calificaciones`.`periodo` AS `periodo` from ((((`calificaciones` join `materias` on((`calificaciones`.`materia` = `materias`.`clave_materia`))) join `alumnos` on((`calificaciones`.`clave_alumno` = `alumnos`.`numero_control`))) join `plan_grupo` on((`alumnos`.`grupo` = `plan_grupo`.`grupo`))) join `planes_estudio_materias` on(((`plan_grupo`.`plan` = `planes_estudio_materias`.`clave_plan`) and (`calificaciones`.`materia` = `planes_estudio_materias`.`materia`)))) */;
/*!50001 SET character_set_client      = @saved_cs_client */;
/*!50001 SET character_set_results     = @saved_cs_results */;
/*!50001 SET collation_connection      = @saved_col_connection */;

--
-- Final view structure for view `dias_clase_view`
--

/*!50001 DROP VIEW IF EXISTS `dias_clase_view`*/;
/*!50001 SET @saved_cs_client          = @@character_set_client */;
/*!50001 SET @saved_cs_results         = @@character_set_results */;
/*!50001 SET @saved_col_connection     = @@collation_connection */;
/*!50001 SET character_set_client      = utf8mb4 */;
/*!50001 SET character_set_results     = utf8mb4 */;
/*!50001 SET collation_connection      = utf8mb4_0900_ai_ci */;
/*!50001 CREATE ALGORITHM=UNDEFINED */
/*!50013 DEFINER=`remote`@`%` SQL SECURITY DEFINER */
/*!50001 VIEW `dias_clase_view` AS select `dias_clase`.`dia` AS `dia` from `dias_clase` order by `dias_clase`.`id` */;
/*!50001 SET character_set_client      = @saved_cs_client */;
/*!50001 SET character_set_results     = @saved_cs_results */;
/*!50001 SET collation_connection      = @saved_col_connection */;

--
-- Final view structure for view `grupo_asignaturas`
--

/*!50001 DROP VIEW IF EXISTS `grupo_asignaturas`*/;
/*!50001 SET @saved_cs_client          = @@character_set_client */;
/*!50001 SET @saved_cs_results         = @@character_set_results */;
/*!50001 SET @saved_col_connection     = @@collation_connection */;
/*!50001 SET character_set_client      = utf8mb4 */;
/*!50001 SET character_set_results     = utf8mb4 */;
/*!50001 SET collation_connection      = utf8mb4_0900_ai_ci */;
/*!50001 CREATE ALGORITHM=UNDEFINED */
/*!50013 DEFINER=`remote`@`%` SQL SECURITY DEFINER */
/*!50001 VIEW `grupo_asignaturas` AS select `horarios_view`.`grupo` AS `grupo`,`horarios_view`.`materia` AS `materia`,`horarios_view`.`nombre_abr` AS `nombre_abr`,`asignaturas_visible_view`.`profesor` AS `profesor`,`asignaturas_visible_view`.`nombre_completo` AS `nombre_completo`,`asignaturas_visible_view`.`aula` AS `aula`,`horarios_view`.`dia` AS `dia`,`horarios_view`.`hora` AS `hora`,`horarios_view`.`hora_c` AS `hora_c` from (`horarios_view` join `asignaturas_visible_view` on(((`asignaturas_visible_view`.`grupo` = `horarios_view`.`grupo`) and (`horarios_view`.`materia` = `asignaturas_visible_view`.`materia`)))) */;
/*!50001 SET character_set_client      = @saved_cs_client */;
/*!50001 SET character_set_results     = @saved_cs_results */;
/*!50001 SET collation_connection      = @saved_col_connection */;

--
-- Final view structure for view `grupos_visible_view`
--

/*!50001 DROP VIEW IF EXISTS `grupos_visible_view`*/;
/*!50001 SET @saved_cs_client          = @@character_set_client */;
/*!50001 SET @saved_cs_results         = @@character_set_results */;
/*!50001 SET @saved_col_connection     = @@collation_connection */;
/*!50001 SET character_set_client      = utf8mb4 */;
/*!50001 SET character_set_results     = utf8mb4 */;
/*!50001 SET collation_connection      = utf8mb4_0900_ai_ci */;
/*!50001 CREATE ALGORITHM=UNDEFINED */
/*!50013 DEFINER=`remote`@`%` SQL SECURITY DEFINER */
/*!50001 VIEW `grupos_visible_view` AS select `grupos`.`grupo` AS `grupo`,`grupos`.`semestre` AS `semestre`,`grupos`.`turno` AS `turno`,`GRUPO_ALUMNOS_COUNT`(`grupos`.`grupo`) AS `alumnos` from `grupos` order by `grupos`.`grupo` */;
/*!50001 SET character_set_client      = @saved_cs_client */;
/*!50001 SET character_set_results     = @saved_cs_results */;
/*!50001 SET collation_connection      = @saved_col_connection */;

--
-- Final view structure for view `horarios_view`
--

/*!50001 DROP VIEW IF EXISTS `horarios_view`*/;
/*!50001 SET @saved_cs_client          = @@character_set_client */;
/*!50001 SET @saved_cs_results         = @@character_set_results */;
/*!50001 SET @saved_col_connection     = @@collation_connection */;
/*!50001 SET character_set_client      = utf8mb4 */;
/*!50001 SET character_set_results     = utf8mb4 */;
/*!50001 SET collation_connection      = utf8mb4_0900_ai_ci */;
/*!50001 CREATE ALGORITHM=UNDEFINED */
/*!50013 DEFINER=`root`@`localhost` SQL SECURITY DEFINER */
/*!50001 VIEW `horarios_view` AS select `horarios`.`grupo` AS `grupo`,`materias`.`clave_materia` AS `materia`,`materias`.`nombre_abr` AS `nombre_abr`,`horarios`.`dia` AS `dia`,`horarios`.`hora` AS `hora`,`horas_clase_visible_view`.`hora` AS `hora_c` from ((`horarios` join `materias` on((`horarios`.`materia` = `materias`.`clave_materia`))) join `horas_clase_visible_view` on((`horarios`.`hora` = `horas_clase_visible_view`.`orden`))) */;
/*!50001 SET character_set_client      = @saved_cs_client */;
/*!50001 SET character_set_results     = @saved_cs_results */;
/*!50001 SET collation_connection      = @saved_col_connection */;

--
-- Final view structure for view `horas_clase_visible_view`
--

/*!50001 DROP VIEW IF EXISTS `horas_clase_visible_view`*/;
/*!50001 SET @saved_cs_client          = @@character_set_client */;
/*!50001 SET @saved_cs_results         = @@character_set_results */;
/*!50001 SET @saved_col_connection     = @@collation_connection */;
/*!50001 SET character_set_client      = utf8mb4 */;
/*!50001 SET character_set_results     = utf8mb4 */;
/*!50001 SET collation_connection      = utf8mb4_0900_ai_ci */;
/*!50001 CREATE ALGORITHM=UNDEFINED */
/*!50013 DEFINER=`remote`@`%` SQL SECURITY DEFINER */
/*!50001 VIEW `horas_clase_visible_view` AS select `horas_clase`.`orden` AS `orden`,`horas_clase`.`turno` AS `turno`,time_format(`horas_clase`.`inicio`,'%H:%i') AS `inicio`,time_format(`horas_clase`.`fin`,'%H:%i') AS `fin`,concat(time_format(`horas_clase`.`inicio`,'%H:%i'),'-',time_format(`horas_clase`.`fin`,'%H:%i')) AS `hora` from `horas_clase` */;
/*!50001 SET character_set_client      = @saved_cs_client */;
/*!50001 SET character_set_results     = @saved_cs_results */;
/*!50001 SET collation_connection      = @saved_col_connection */;

--
-- Final view structure for view `materia_profesor_view`
--

/*!50001 DROP VIEW IF EXISTS `materia_profesor_view`*/;
/*!50001 SET @saved_cs_client          = @@character_set_client */;
/*!50001 SET @saved_cs_results         = @@character_set_results */;
/*!50001 SET @saved_col_connection     = @@collation_connection */;
/*!50001 SET character_set_client      = utf8mb4 */;
/*!50001 SET character_set_results     = utf8mb4 */;
/*!50001 SET collation_connection      = utf8mb4_0900_ai_ci */;
/*!50001 CREATE ALGORITHM=UNDEFINED */
/*!50013 DEFINER=`root`@`localhost` SQL SECURITY DEFINER */
/*!50001 VIEW `materia_profesor_view` AS select `materia_profesor`.`materia` AS `materia`,`materias`.`nombre_abr` AS `nombre_abr`,`materia_profesor`.`profesor` AS `profesor`,`profesores_visible_view`.`nombre_completo` AS `nombre_completo` from ((`materia_profesor` join `materias` on((`materias`.`clave_materia` = `materia_profesor`.`materia`))) join `profesores_visible_view` on((`profesores_visible_view`.`clave_profesor` = `materia_profesor`.`profesor`))) */;
/*!50001 SET character_set_client      = @saved_cs_client */;
/*!50001 SET character_set_results     = @saved_cs_results */;
/*!50001 SET collation_connection      = @saved_col_connection */;

--
-- Final view structure for view `materias_view`
--

/*!50001 DROP VIEW IF EXISTS `materias_view`*/;
/*!50001 SET @saved_cs_client          = @@character_set_client */;
/*!50001 SET @saved_cs_results         = @@character_set_results */;
/*!50001 SET @saved_col_connection     = @@collation_connection */;
/*!50001 SET character_set_client      = utf8mb4 */;
/*!50001 SET character_set_results     = utf8mb4 */;
/*!50001 SET collation_connection      = utf8mb4_0900_ai_ci */;
/*!50001 CREATE ALGORITHM=UNDEFINED */
/*!50013 DEFINER=`remote`@`%` SQL SECURITY DEFINER */
/*!50001 VIEW `materias_view` AS select `materias`.`clave_materia` AS `clave_materia`,`materias`.`nombre_materia` AS `nombre_materia`,`materias`.`nombre_abr` AS `nombre_abr`,`materias`.`tipo_calificacion` AS `tipo_calificacion` from `materias` order by `materias`.`nombre_materia` */;
/*!50001 SET character_set_client      = @saved_cs_client */;
/*!50001 SET character_set_results     = @saved_cs_results */;
/*!50001 SET collation_connection      = @saved_col_connection */;

--
-- Final view structure for view `plan_grupo_view`
--

/*!50001 DROP VIEW IF EXISTS `plan_grupo_view`*/;
/*!50001 SET @saved_cs_client          = @@character_set_client */;
/*!50001 SET @saved_cs_results         = @@character_set_results */;
/*!50001 SET @saved_col_connection     = @@collation_connection */;
/*!50001 SET character_set_client      = utf8mb4 */;
/*!50001 SET character_set_results     = utf8mb4 */;
/*!50001 SET collation_connection      = utf8mb4_0900_ai_ci */;
/*!50001 CREATE ALGORITHM=UNDEFINED */
/*!50013 DEFINER=`root`@`localhost` SQL SECURITY DEFINER */
/*!50001 VIEW `plan_grupo_view` AS select `plan_grupo`.`plan` AS `plan`,`planes_estudio`.`descripcion` AS `descripcion`,`plan_grupo`.`grupo` AS `grupo` from (`plan_grupo` join `planes_estudio` on((`planes_estudio`.`clave_plan` = `plan_grupo`.`plan`))) */;
/*!50001 SET character_set_client      = @saved_cs_client */;
/*!50001 SET character_set_results     = @saved_cs_results */;
/*!50001 SET collation_connection      = @saved_col_connection */;

--
-- Final view structure for view `planes_estudio_materias_view`
--

/*!50001 DROP VIEW IF EXISTS `planes_estudio_materias_view`*/;
/*!50001 SET @saved_cs_client          = @@character_set_client */;
/*!50001 SET @saved_cs_results         = @@character_set_results */;
/*!50001 SET @saved_col_connection     = @@collation_connection */;
/*!50001 SET character_set_client      = utf8mb4 */;
/*!50001 SET character_set_results     = utf8mb4 */;
/*!50001 SET collation_connection      = utf8mb4_0900_ai_ci */;
/*!50001 CREATE ALGORITHM=UNDEFINED */
/*!50013 DEFINER=`root`@`localhost` SQL SECURITY DEFINER */
/*!50001 VIEW `planes_estudio_materias_view` AS select `planes_estudio_materias`.`clave_plan` AS `clave_plan`,`planes_estudio_materias`.`materia` AS `materia`,`materias`.`nombre_abr` AS `nombre_abr`,`materias`.`tipo_calificacion` AS `tipo_calificacion`,`planes_estudio_materias`.`orden` AS `orden` from (`planes_estudio_materias` join `materias` on((`planes_estudio_materias`.`materia` = `materias`.`clave_materia`))) order by `planes_estudio_materias`.`orden` */;
/*!50001 SET character_set_client      = @saved_cs_client */;
/*!50001 SET character_set_results     = @saved_cs_results */;
/*!50001 SET collation_connection      = @saved_col_connection */;

--
-- Final view structure for view `planes_estudio_visible_view`
--

/*!50001 DROP VIEW IF EXISTS `planes_estudio_visible_view`*/;
/*!50001 SET @saved_cs_client          = @@character_set_client */;
/*!50001 SET @saved_cs_results         = @@character_set_results */;
/*!50001 SET @saved_col_connection     = @@collation_connection */;
/*!50001 SET character_set_client      = utf8mb4 */;
/*!50001 SET character_set_results     = utf8mb4 */;
/*!50001 SET collation_connection      = utf8mb4_0900_ai_ci */;
/*!50001 CREATE ALGORITHM=UNDEFINED */
/*!50013 DEFINER=`remote`@`%` SQL SECURITY DEFINER */
/*!50001 VIEW `planes_estudio_visible_view` AS select `planes_estudio`.`clave_plan` AS `clave_plan`,`planes_estudio`.`descripcion` AS `descripcion`,`planes_estudio`.`semestre` AS `semestre` from `planes_estudio` order by `planes_estudio`.`clave_plan` */;
/*!50001 SET character_set_client      = @saved_cs_client */;
/*!50001 SET character_set_results     = @saved_cs_results */;
/*!50001 SET collation_connection      = @saved_col_connection */;

--
-- Final view structure for view `profesoresWebUsers_vieww`
--

/*!50001 DROP VIEW IF EXISTS `profesoresWebUsers_vieww`*/;
/*!50001 SET @saved_cs_client          = @@character_set_client */;
/*!50001 SET @saved_cs_results         = @@character_set_results */;
/*!50001 SET @saved_col_connection     = @@collation_connection */;
/*!50001 SET character_set_client      = utf8mb4 */;
/*!50001 SET character_set_results     = utf8mb4 */;
/*!50001 SET collation_connection      = utf8mb4_0900_ai_ci */;
/*!50001 CREATE ALGORITHM=UNDEFINED */
/*!50013 DEFINER=`remote`@`%` SQL SECURITY DEFINER */
/*!50001 VIEW `profesoresWebUsers_vieww` AS select `profesores_visible_view`.`clave_profesor` AS `clave_profesor`,`profesores_visible_view`.`nombre_completo` AS `nombre_completo`,`profesores_visible_view`.`email` AS `email`,`profesoresWebUsers`.`password` AS `password` from (`profesores_visible_view` join `profesoresWebUsers` on((`profesores_visible_view`.`clave_profesor` = `profesoresWebUsers`.`clave_profesor`))) */;
/*!50001 SET character_set_client      = @saved_cs_client */;
/*!50001 SET character_set_results     = @saved_cs_results */;
/*!50001 SET collation_connection      = @saved_col_connection */;

--
-- Final view structure for view `profesores_sin_pass`
--

/*!50001 DROP VIEW IF EXISTS `profesores_sin_pass`*/;
/*!50001 SET @saved_cs_client          = @@character_set_client */;
/*!50001 SET @saved_cs_results         = @@character_set_results */;
/*!50001 SET @saved_col_connection     = @@collation_connection */;
/*!50001 SET character_set_client      = utf8mb4 */;
/*!50001 SET character_set_results     = utf8mb4 */;
/*!50001 SET collation_connection      = utf8mb4_0900_ai_ci */;
/*!50001 CREATE ALGORITHM=UNDEFINED */
/*!50013 DEFINER=`remote`@`%` SQL SECURITY DEFINER */
/*!50001 VIEW `profesores_sin_pass` AS select `profesores`.`clave_profesor` AS `clave_profesor`,`profesores`.`email` AS `email`,`profesores`.`nombres` AS `nombres` from (`profesores` left join `profesoresWebUsers` on((`profesores`.`clave_profesor` = `profesoresWebUsers`.`clave_profesor`))) where ((`profesoresWebUsers`.`password` is null) and (`profesores`.`email` is not null)) */;
/*!50001 SET character_set_client      = @saved_cs_client */;
/*!50001 SET character_set_results     = @saved_cs_results */;
/*!50001 SET collation_connection      = @saved_col_connection */;

--
-- Final view structure for view `profesores_view`
--

/*!50001 DROP VIEW IF EXISTS `profesores_view`*/;
/*!50001 SET @saved_cs_client          = @@character_set_client */;
/*!50001 SET @saved_cs_results         = @@character_set_results */;
/*!50001 SET @saved_col_connection     = @@collation_connection */;
/*!50001 SET character_set_client      = utf8mb4 */;
/*!50001 SET character_set_results     = utf8mb4 */;
/*!50001 SET collation_connection      = utf8mb4_0900_ai_ci */;
/*!50001 CREATE ALGORITHM=UNDEFINED */
/*!50013 DEFINER=`remote`@`%` SQL SECURITY DEFINER */
/*!50001 VIEW `profesores_view` AS select `profesores`.`apellido_paterno` AS `apellido_paterno`,`profesores`.`apellido_materno` AS `apellido_materno`,`profesores`.`nombres` AS `nombres`,`profesores`.`clave_profesor` AS `clave_profesor`,`profesores`.`abr_profesion` AS `abr_profesion`,`profesores`.`telefono` AS `telefono`,`profesores`.`domicilio` AS `domicilio`,`profesores`.`fecha_nacimiento` AS `fecha_nacimiento`,`profesores`.`profesion` AS `profesion`,`profesores`.`CURP` AS `CURP`,`profesores`.`PRESU` AS `PRESU`,`profesores`.`email` AS `email` from `profesores` order by `profesores`.`apellido_paterno` */;
/*!50001 SET character_set_client      = @saved_cs_client */;
/*!50001 SET character_set_results     = @saved_cs_results */;
/*!50001 SET collation_connection      = @saved_col_connection */;

--
-- Final view structure for view `profesores_visible_view`
--

/*!50001 DROP VIEW IF EXISTS `profesores_visible_view`*/;
/*!50001 SET @saved_cs_client          = @@character_set_client */;
/*!50001 SET @saved_cs_results         = @@character_set_results */;
/*!50001 SET @saved_col_connection     = @@collation_connection */;
/*!50001 SET character_set_client      = utf8mb4 */;
/*!50001 SET character_set_results     = utf8mb4 */;
/*!50001 SET collation_connection      = utf8mb4_0900_ai_ci */;
/*!50001 CREATE ALGORITHM=UNDEFINED */
/*!50013 DEFINER=`root`@`localhost` SQL SECURITY DEFINER */
/*!50001 VIEW `profesores_visible_view` AS select `profesores_view`.`clave_profesor` AS `clave_profesor`,concat(`profesores_view`.`nombres`,' ',`profesores_view`.`apellido_paterno`,' ',`profesores_view`.`apellido_materno`) AS `nombre_completo`,`profesores_view`.`profesion` AS `profesion`,`profesores_view`.`abr_profesion` AS `abr_profesion`,`profesores_view`.`CURP` AS `CURP`,`profesores_view`.`telefono` AS `telefono`,`profesores_view`.`domicilio` AS `domicilio`,`profesores_view`.`PRESU` AS `PRESU`,`profesores_view`.`email` AS `email` from `profesores_view` */;
/*!50001 SET character_set_client      = @saved_cs_client */;
/*!50001 SET character_set_results     = @saved_cs_results */;
/*!50001 SET collation_connection      = @saved_col_connection */;

--
-- Final view structure for view `semestres_view`
--

/*!50001 DROP VIEW IF EXISTS `semestres_view`*/;
/*!50001 SET @saved_cs_client          = @@character_set_client */;
/*!50001 SET @saved_cs_results         = @@character_set_results */;
/*!50001 SET @saved_col_connection     = @@collation_connection */;
/*!50001 SET character_set_client      = utf8mb4 */;
/*!50001 SET character_set_results     = utf8mb4 */;
/*!50001 SET collation_connection      = utf8mb4_0900_ai_ci */;
/*!50001 CREATE ALGORITHM=UNDEFINED */
/*!50013 DEFINER=`remote`@`%` SQL SECURITY DEFINER */
/*!50001 VIEW `semestres_view` AS select `semestres`.`semestre` AS `semestre` from `semestres` order by `semestres`.`semestre` */;
/*!50001 SET character_set_client      = @saved_cs_client */;
/*!50001 SET character_set_results     = @saved_cs_results */;
/*!50001 SET collation_connection      = @saved_col_connection */;

--
-- Final view structure for view `webUsers_vieww`
--

/*!50001 DROP VIEW IF EXISTS `webUsers_vieww`*/;
/*!50001 SET @saved_cs_client          = @@character_set_client */;
/*!50001 SET @saved_cs_results         = @@character_set_results */;
/*!50001 SET @saved_col_connection     = @@collation_connection */;
/*!50001 SET character_set_client      = utf8mb4 */;
/*!50001 SET character_set_results     = utf8mb4 */;
/*!50001 SET collation_connection      = utf8mb4_0900_ai_ci */;
/*!50001 CREATE ALGORITHM=UNDEFINED */
/*!50013 DEFINER=`remote`@`%` SQL SECURITY DEFINER */
/*!50001 VIEW `webUsers_vieww` AS select `alumnos_visible_view`.`numero_control` AS `numero_control`,`alumnos_visible_view`.`nombre_completo` AS `nombre_completo`,`alumnos_visible_view`.`grupo` AS `grupo`,`webUsers`.`password` AS `password`,`alumnos_visible_view`.`email` AS `email` from (`alumnos_visible_view` join `webUsers` on((`alumnos_visible_view`.`numero_control` = `webUsers`.`numero_control`))) */;
/*!50001 SET character_set_client      = @saved_cs_client */;
/*!50001 SET character_set_results     = @saved_cs_results */;
/*!50001 SET collation_connection      = @saved_col_connection */;
/*!40103 SET TIME_ZONE=@OLD_TIME_ZONE */;

/*!40101 SET SQL_MODE=@OLD_SQL_MODE */;
/*!40014 SET FOREIGN_KEY_CHECKS=@OLD_FOREIGN_KEY_CHECKS */;
/*!40014 SET UNIQUE_CHECKS=@OLD_UNIQUE_CHECKS */;
/*!40101 SET CHARACTER_SET_CLIENT=@OLD_CHARACTER_SET_CLIENT */;
/*!40101 SET CHARACTER_SET_RESULTS=@OLD_CHARACTER_SET_RESULTS */;
/*!40101 SET COLLATION_CONNECTION=@OLD_COLLATION_CONNECTION */;
/*!40111 SET SQL_NOTES=@OLD_SQL_NOTES */;

-- Dump completed on 2022-03-01 18:02:27
